,,,,,-0.0143214,-0.8651815,2.232438,0.7017919,-5.222409,1.657324,1779.948,519.7707,-31.66588,1006.611,-4806.844,402.5341,-1946.194,-6.12827,-1.108895,929.5971,-22.36771,75.8617,13.85521,-181.5876,1065.952,-153.3246,13.11626,17.18644,329.7633,723.3885,-654.5281,-18.08019,-0.2245623,0.3791122,3.989411,19.93224,-75.99378,56.93902,24.58319,-100.6839,244.5489,-136.7003,-5.022856,1.282506,321.3072,861.5658,,
,Coach Name,Conference,Tournament team,,Coach Value,SOS Median,SOS Min,SOS Max,SOS STDEV,Expected Value,FG%,% of Points from 3,Fouls Per Game,Free Throw %,Opp Shooting %,Opp Three Point %,Opp % of Points from 3,Opp Turnovers Per Game,Rebounds Per Game,Rebound Percent,Scoring Margin,Turnover Margin,Rebound Margin,Offensive Eff,Defensive Eff,A/T Ratio,PPG,Off Rebounds Per Game,Assists Per FGM,Opp Assists Per FGM,Opp Turnover Per Off Play,Steals Per Game,Clutch FG,Clutch 3FG,Clutch FT,SM,REB,OPPReb,Oreb,OpOreb,Turn,OppTurn,Top 25,Overtime,Steal:Turnover Ratio,,,Value
Gonzaga,Mark Few,WCC,NO,,302.773279938533,111.187809324549,-6.73695945358267,126.120839172901,72.7787069681131,,,,,,,,,,,,,,,,,,,,,,,,50,33.3333333333333,100,8,4,4,1,1,0,2,0,0,0,1,,
Michigan St.,Tom Izzo,Big Ten,NO,,306.518069454568,3.48337870072835,-27.0629917957359,18.1279049175137,22.1113070676185,,,,,,,,,,,,,,,,,,,,,,,,28.5714285714286,14.2857142857143,100,-2,8,6,5,1,1,2,1,0,1,1,,
Kansas,Bill Self,Big 12,NO,,375.321024118396,-1.94485538475204,-18.1937389408556,22.872099988216,16.9469439133528,,,,,,,,,,,,,,,,,,,,,,,,50,0,81.8181818181818,3,5,6,1,2.5,1,1.5,1,0,0,1,,
St. John's,John Tauer,Summit,NO,,42.8413549264,8.0363493322545,-23.0965305698345,287.521950171249,146.713226386526,,,,,,,,,,,,,,,,,,,,,,,,0,0,0,0,0,0,0,0,0,0,0,0,0,1,,
Arkansas,John Calipari,SEC,NO,,196.550691408409,6.49966929196075,0.82040589602263,10.5912489430546,4.90687325105341,,,,,,,,,,,,,,,,,,,,,,,,33.3333333333333,33.3333333333333,100,0,5,4,1,2,1,0,1,0,0,1,,
Oregon,Wayne Tinkle,WCC,NO,,44.8141054693216,-5.00293995252415,-33.0018492133537,23.2000394338761,28.101006072089,,,,,,,,,,,,,,,,,,,,,,,,69.2307692307692,50,83.3333333333333,18,13,3,2,0,1,3,0,1,2,1,,
Houston,Kelvin Sampson,Big 12,NO,,158.694320699903,32.971273362273,-7.40361357003297,56.216552585241,32.1921316540106,,,,,,,,,,,,,,,,,,,,,,,,37.5,50,100,-4,4,3,3,1,3,2,1,0,0.666666666666667,1,,
Baylor,Scott Drew,Big 12,NO,,193.322552791406,57.2599532985847,-71.8342695228423,129.200642754482,85.3612943891054,,,,,,,,,,,,,,,,,,,,,,,,28.5714285714286,0,75,0,4,5,2,1,0,1,1,0,0,1,,
Connecticut,Dan Hurley,Big East,NO,,134.644686352359,-17.881551167968,-23.0169310883484,-6.25146959070908,8.58983530739647,,,,,,,,,,,,,,,,,,,,,,,,0,0,0,0,0,0,0,0,0,0,0,0,0,1,,
Texas,Buzz Williams,SEC,NO,,81.7906018765933,-8.75603316334188,-14.8507766180142,38.5888825678681,24.9438459529549,,,,,,,,,,,,,,,,,,,,,,,,0,0,0,0,0,0,0,0,0,0,0,0,0,1,,
Saint Mary's,Bashir Mason,MAAC,NO,,31.5837908735026,-2.52041482991729,-14.2403435377026,23.2261016349,17.9498518084557,,,,,,,,,,,,,,,,,,,,,,,,40,33.3333333333333,72.7272727272727,-0.5,5.5,3.5,3.5,2,2,0.5,0,0,0,1,,
Purdue,Jon Coffman,Horizon,NO,,55.8458250138182,-2.23115958243018,-13.3897866184575,28.7305560902638,18.1268218916119,,,,,,,,,,,,,,,,,,,,,,,,66.6666666666667,0,70,2,5,3,1,1,0,1,1,0,0,1,,
Tennessee,Jeremy Shulman,Ohio Valley,NO,,20.765139976,18.8203753585142,-18.1512812983319,113.018003221657,56.1493785384542,,,,,,,,,,,,,,,,,,,,,,,,0,0,0,0,0,0,0,0,0,0,0,0,0,1,,
Auburn,Bruce Pearl,SEC,NO,,110.682888578251,56.8031730163305,7.37573995105651,138.720118868271,66.3385295665105,,,,,,,,,,,,,,,,,,,,,,,,83.3333333333333,100,85.7142857142857,4,3,4,1,3,2,3,1,0,1.5,1,,
Alabama,Nate Oats,SEC,NO,,130.81976206346,-6.6682771442514,-19.0895707828814,101.136830312699,56.9617150654012,,,,,,,,,,,,,,,,,,,,,,,,47.6190476190476,11.1111111111111,80,1.66666666666667,4.33333333333333,4.33333333333333,0.666666666666667,1,1.33333333333333,1,1,0,0.500000000000002,1,,
Mississippi,Chris Beard,SEC,NO,,136.5893006038,-12.249314601948,-41.974732195948,43.611972605376,35.8011904029959,,,,,,,,,,,,,,,,,,,,,,,,35.7142857142857,37.5,75,1,5,5,1,1,0,2,0,0,0,1,,
San Diego St.,Chris Gerlufsen,WCC,NO,,67.4432569395333,-9.4974272667541,-9.4974272667541,-9.4974272667541,–,,,,,,,,,,,,,,,,,,,,,,,,60,0,50,1,4,4,0,1,1,2,0,0,1,1,,
UCLA,Pat Duquette,American East,NO,,29.1780866553333,23.5009316315449,-7.04800879982188,41.6001837800792,22.5342430573158,,,,,,,,,,,,,,,,,,,,,,,,0,0,0,0,0,0,0,0,0,0,0,0,0,1,,
N.C. State,Kevin Keatts,ACC,NO,,70.27977138737,-6.9606016867883,-15.1786120874503,9.25868003825134,12.4350448401448,,,,,,,,,,,,,,,,,,,,,,,,0,0,0,0,0,0,0,0,0,0,0,0,0,1,,
Creighton,Greg McDermott,Big East,NO,,119.426299483403,-31.5842091821293,-48.268393658796,5.33372022140181,22.6989124556772,,,,,,,,,,,,,,,,,,,,,,,,0,0,0,0,0,0,0,0,0,0,0,0,0,1,,
USC,Marty Richter,Big South,NO,,11.574839418,-13.833647111106,-31.625461449704,24.856146550296,28.8779640132018,,,,,,,,,,,,,,,,,,,,,,,,83.3333333333333,0,85.7142857142857,4,1,2,0,0,1,5,0,0,0,1,,
Louisville,Pat Kelsey,ACC,NO,,92.5873525784872,-1.78143030844252,-12.2209429450899,8.65808232820487,14.763700355312,,,,,,,,,,,,,,,,,,,,,,,,0,0,0,0,0,0,0,0,0,0,0,0,0,1,,
Vermont,Kyle Neptune,Big East,NO,,23.6482239936,-29.9402896565359,-85.6145411173922,50.1903578826078,56.7051720830321,,,,,,,,,,,,,,,,,,,,,,,,30,33.3333333333333,84.6153846153846,-2,2.5,6.5,0.5,3,0.5,2,0,0,3,1,,
Clemson,Brad Brownell,ACC,NO,,119.919462054483,-12.5365645224575,-17.4396453241812,-2.91790994669552,6.97214911726139,,,,,,,,,,,,,,,,,,,,,,,,0,0,0,0,0,0,0,0,0,0,0,0,0,1,,
Nevada,Steve Alford,Mountain West,NO,,97.5283787919349,22.9709839321067,21.0222416102253,58.0300832976378,17.8968506159086,,,,,,,,,,,,,,,,,,,,,,,,50,0,64.2857142857143,7,10,3,2,1,1,1,0,0,0,1,,
TCU,Adam Fisher,American,NO,,31.971575702,-1.95623902813581,-14.7879035467088,50.716248600263,30.5870127558179,,,,,,,,,,,,,,,,,,,,,,,,33.3333333333333,0,54.5454545454545,-3,4,5,1,1,2,1,0,0,0,1,,
Grand Canyon,Bryce Drew,WAC,NO,,91.4381627768586,-18.9606967294846,-23.2163326625816,-13.5340342245374,4.85293736103918,,,,,,,,,,,,,,,,,,,,,,,,44.4444444444444,100,100,9,5,2,3,0,1,4,0,0,2,1,,
Marquette,Shaka Smart,Big East,NO,,109.616157888879,25.8084327325648,-30.9986654482572,42.8768927194368,33.3816850266099,,,,,,,,,,,,,,,,,,,,,,,,37.5,0,75,-1,8,6,2,2,2,1,0,0,0.5,1,,
Illinois,Brad Underwood,Big Ten,NO,,103.060929248733,12.7143550323733,-12.7400744916907,51.735887694862,32.4750101195955,,,,,,,,,,,,,,,,,,,,,,,,0,0,0,0,0,0,0,0,0,0,0,0,0,1,,
Virginia,Mike Young,ACC,NO,,68.875731818511,-2.74283393256,-29.6225695256653,45.5265079645627,38.0785009341861,,,,,,,,,,,,,,,,,,,,,,,,50,0,75,1,6,3,1,1,2,0,0,0,0,1,,
Butler,Thad Matta,Big East,NO,,92.1859796000873,-8.06666476620911,-32.2049996075151,35.9781552196995,29.2802037117642,,,,,,,,,,,,,,,,,,,,,,,,50,25,66.6666666666667,1,6,3,2,1,2,0,0,0,0,1,,
Texas Tech,Ed Conroy,Southern,NO,,15.0743675160923,-15.6674688326147,-16.633696855933,109.137765852971,72.3368751438416,,,,,,,,,,,,,,,,,,,,,,,,0,0,0,0,0,0,0,0,0,0,0,0,0,1,,
Colorado,Tad Boyle,Big 12,NO,,104.700845295074,5.06680711756272,-27.8217321001096,31.6428891175627,26.1441812011587,,,,,,,,,,,,,,,,,,,,,,,,50,25,76.1904761904762,0,13,10,5,6,4,4,0,1,0.75,1,,
Mississippi St.,Chris Jans,SEC,NO,,102.8623216098,12.4799938425861,-15.146123276984,33.742969322354,21.1059417721627,,,,,,,,,,,,,,,,,,,,,,,,28.5714285714286,0,87.5,2,6,6,2,2,0,1,0,0,0,1,,
Vanderbilt,Ryan Odom,A10,NO,,77.7473866307333,-9.51707483663373,-44.2755484724591,37.9236359282029,36.1185631729548,,,,,,,,,,,,,,,,,,,,,,,,0,0,0,0,0,0,0,0,0,0,0,0,0,1,,
Iowa St.,TJ Otzelberger,Big 12,NO,,82.474110473,-19.7561942675149,-23.1514719308558,-16.360916604174,4.80164771951913,,,,,,,,,,,,,,,,,,,,,,,,0,0,0,0,0,0,0,0,0,0,0,0,0,1,,
Michigan,Dusty May,Big Ten,NO,,99.4434411663333,25.007884479974,-9.47069712804,91.961325823604,51.5751735778598,,,,,,,,,,,,,,,,,,,,,,,,20,0,87.5,0,7,4,4,2,4,3,0,1,0,1,,
Washington,David Riley,WCC,NO,,56.808554342,-5.53250205674335,-15.4274737374967,4.36246962401,13.9936031502191,,,,,,,,,,,,,,,,,,,,,,,,35.2941176470588,33.3333333333333,58.8235294117647,-1,5.5,9,2,3,1,2,0,0,1,1,,
Arizona,Tommy Lloyd,Big 12,NO,,84.1908638278857,-16.3315864920411,-21.2479345518131,93.7880401980729,65.0432909008445,,,,,,,,,,,,,,,,,,,,,,,,0,0,0,0,0,0,0,0,0,0,0,0,0,1,,
Akron,John Groce,MAC,NO,,64.1490787530327,13.2880413858293,11.8242187611603,14.7518640104983,2.07015780871548,,,,,,,,,,,,,,,,,,,,,,,,43.75,40,50,1,10,8,4,3,5,2,0,1,0,1,,
Wisconsin,Dwight Perry,Southern,NO,,20.3114823813333,7.739169036694,-30.682634436904,77.99480110005,48.4570901763053,,,,,,,,,,,,,,,,,,,,,,,,0,0,0,0,0,0,0,0,0,0,0,0,0,1,,
Southern Illinois,Stan Gouard,Ohio Valley,NO,,6.2638642182,4.24033011823057,-4.19256236407543,19.5591878028426,12.0410873842524,,,,,,,,,,,,,,,,,,,,,,,,55.5555555555556,66.6666666666667,66.6666666666667,9,8,4,2,1,2,0,0,0,0,1,,
Texas A&M,Jim Shaw,Southland,NO,,32.6377360812,-9.96723354963198,-21.698147897269,27.8967695177386,21.953307499764,,,,,,,,,,,,,,,,,,,,,,,,9.09090909090909,16.6666666666667,50,-9,5,7,3,1,0,1,0,0,0,1,,
Xavier,James Jones,Ivy,NO,,49.1456956586667,-9.8790568542493,-42.7144603753703,44.1680804188077,42.5634202511873,,,,,,,,,,,,,,,,,,,,,,,,0,0,0,0,0,0,0,0,0,0,0,0,0,1,,
Duke,Jon Scheyer,ACC,NO,,77.2519561666667,6.57223449511402,-15.6761734878773,82.2988298241251,43.6282536776274,,,,,,,,,,,,,,,,,,,,,,,,40,0,75,-6,5,4,1,2,4,1,1,0,0.25,1,,
UC Irvine,Mike Magpayo,Big West,NO,,22.5959605564,60.0291831986364,-11.830932208889,113.897985315175,63.078634430403,,,,,,,,,,,,,,,,,,,,,,,,0,0,0,0,0,0,0,0,0,0,0,0,0,1,,
Penn,Mike Rhodes,Big Ten,NO,,48.6074732350465,-11.2812936381125,-36.3155730765813,-0.0587413999146252,15.3529815924885,,,,,,,,,,,,,,,,,,,,,,,,50,50,78.5714285714286,-1,4.33333333333333,3.33333333333333,2,1.66666666666667,1.33333333333333,0.666666666666667,0,0,0.500000000000002,1,,
Indiana,Mike Woodson,Big Ten,NO,,57.4061847105333,-4.23708636631867,-9.32959722127267,28.10175040706,20.3012307341868,,,,,,,,,,,,,,,,,,,,,,,,0,0,0,0,0,0,0,0,0,0,0,0,0,1,,
Princeton,Kim English,Big East,NO,,42.6435099728,1.70658571926497,-16.9772590881023,6.24963595508697,9.85820995759641,,,,,,,,,,,,,,,,,,,,,,,,54.5454545454545,57.1428571428571,73.3333333333333,-2.66666666666667,2.66666666666667,6.33333333333333,0.666666666666667,2.66666666666667,1.33333333333333,1.33333333333333,0,0,1.5,1,,
Kentucky,Mark Pope,SEC,NO,,89.5283662914222,59.2305311359602,11.1451849368642,71.6030589540102,31.9385725374205,,,,,,,,,,,,,,,,,,,,,,,,37.5,0,87.5,6,4,5,2,1,1,4,1,0,2,1,,
Maryland,Kevin Willard,Big Ten,NO,,67.957464744067,-3.88775824607533,-19.9213367460753,-0.05507872677086,8.91691505578523,,,,,,,,,,,,,,,,,,,,,,,,40,66.6666666666667,42.8571428571429,1,6,8,2,2,1,2,1,0,1,1,,
Furman,Bob Richey,Southern,NO,,89.7649932077714,19.3597719149317,-1.86817010221429,28.8847653670097,15.743221094171,,,,,,,,,,,,,,,,,,,,,,,,40,50,85.7142857142857,3,3,5,0,1,0,3,0,0,0,1,,
DePaul,Chris Holtmann,Big East,NO,,105.123646785713,55.0224970800491,-18.5764172153389,86.4301455912591,44.5955432936149,,,,,,,,,,,,,,,,,,,,,,,,0,0,0,0,0,0,0,0,0,0,0,0,0,1,,
Colgate,Matt Langel,Patriot,NO,,63.9696436770044,13.5342544154,-23.402849281358,50.471358112158,52.2369530027365,,,,,,,,,,,,,,,,,,,,,,,,33.3333333333333,0,66.6666666666667,0,5,5,1,1,2,2,0,0,1,1,,
Charleston,Chris Mack,CAA,NO,,58.6699449754308,15.0978419998532,-17.3980009833737,27.9150296670603,21.2813991922441,,,,,,,,,,,,,,,,,,,,,,,,44,25,71.4285714285714,-6,16,10,6,2,4,2,0,1,0.25,1,,
Northwestern,Rick Cabrera,Southland,NO,,4.3623276756,2.67462253688139,-22.2496939156375,107.80129392816,53.1987979910921,,,,,,,,,,,,,,,,,,,,,,,,60,60,80.7692307692308,1.66666666666667,6,4,1.33333333333333,1.33333333333333,1.33333333333333,1.33333333333333,0,1,0.500000000000002,1,,
Iowa,Fran McCaffery,Big Ten,NO,,95.2636455602841,-3.6586212534228,-35.7882938897852,19.8678549043928,28.6614106567835,,,,,,,,,,,,,,,,,,,,,,,,50,66.6666666666667,85.7142857142857,8,7,6,1,2,0,3,0,0,0,1,,
UAB,Jim Les,Big West,NO,,33.180446316487,-1.4642553246677,-35.0823133558777,16.1328019774557,23.8402024996273,,,,,,,,,,,,,,,,,,,,,,,,41.1764705882353,12.5,90.9090909090909,2,7,4,2.5,0.5,1,0.5,0,0,0.5,1,,
Dayton,Anthony Grant,A10,NO,,83.5186746700699,4.9852057195547,-4.7374401127513,17.8737706512792,11.3424850319139,,,,,,,,,,,,,,,,,,,,,,,,83.3333333333333,50,54.5454545454545,3,4,4,1,0,2,2,0,0,1,1,,
UC Santa Barbara,Johnny Dawkins,Big 12,NO,,46.9411845693311,3.12990429619867,-5.37311710446333,169.482965574395,98.5903071802389,,,,,,,,,,,,,,,,,,,,,,,,40,40,86.6666666666667,-4,3,6.5,0,2.5,2,0,0,0,0,1,,
Boise St.,Leon Rice,Mountain West,NO,,83.1948179280952,29.327288559409,-15.560339457203,110.984233732194,64.1564297214181,,,,,,,,,,,,,,,,,,,,,,,,0,0,0,0,0,0,0,0,0,0,0,0,0,1,,
VCU,John Becker,American East,NO,,83.1017278201824,4.89674757150632,-15.0992253730609,57.9846005066273,33.0988423453254,,,,,,,,,,,,,,,,,,,,,,,,0,0,0,0,0,0,0,0,0,0,0,0,0,1,,
Oklahoma St.,Mike Jones,Sun Belt,NO,,8.885552774,-16.896186489824,-25.74993990907,-7.230364055326,9.26275483452082,,,,,,,,,,,,,,,,,,,,,,,,14.2857142857143,0,71.4285714285714,-9,4,8,1,2,0,2,0,0,0,1,,
Pittsburgh,Shantay Legans,WCC,NO,,20.0515963347714,34.7110068312066,-0.512869987526384,62.4050997966516,32.460487579786,,,,,,,,,,,,,,,,,,,,,,,,0,0,0,0,0,0,0,0,0,0,0,0,0,1,,
Northern Kentucky,Chris Collins,Big Ten,NO,,67.6966248639394,-1.78057079155277,-23.4704925601066,30.1845055330592,26.9909788359675,,,,,,,,,,,,,,,,,,,,,,,,14.2857142857143,0,50,-7,5,7,2,2,1,1,0,0,1,1,,
BYU,Kevin Young,Big 12,NO,,62.002652896,-11.41412485104,-32.2642110365956,32.3763392867378,30.1296408623019,,,,,,,,,,,,,,,,,,,,,,,,50,0,62.5,-5,3,5,1,0,2,2,0,0,1,1,,
North Carolina,Monté Ross,CAA,NO,,-1.2351827028,29.7010033805831,-25.9135326194169,70.3160711469229,48.3092416713863,,,,,,,,,,,,,,,,,,,,,,,,42.8571428571429,0,50,-4,4,4,0,1,2,0,1,0,0,1,,
Drake,Ben McCullum,Missouri Valley,NO,,51.7416228,9.143438363,-13.360683782,31.647560508,31.8256347467597,,,,,,,,,,,,,,,,,,,,,,,,25,50,83.3333333333333,2,4,3,0,0,1,1,0,0,0,1,,
UNLV,Eric Musselman,Big Ten,NO,,94.4602673072,-3.201349140404,-15.7370604565378,-0.99806874424,7.95022409957469,,,,,,,,,,,,,,,,,,,,,,,,38.4615384615385,33.3333333333333,94.1176470588235,3,5.5,2.5,2,0.5,0.5,0.5,0,0,1,1,,
SMU,Richie Riley,Sun Belt,NO,,27.5638335823556,-5.27490295638058,-30.4725520629786,-3.56427028331369,15.0659849383484,,,,,,,,,,,,,,,,,,,,,,,,0,0,0,0,0,0,0,0,0,0,0,0,0,1,,
Nebraska,Fred Hoiberg,Big Ten,NO,,61.7168378059959,-9.170775622198,-42.616895032602,13.463658309932,23.3254489509087,,,,,,,,,,,,,,,,,,,,,,,,37.5,0,81.25,0,4.5,6,1,4,1,1.5,0,0,0.5,1,,
San Francisco,Tim Miles,Mountain West,NO,,-8.35419263759048,50.3533664083803,-25.3012178529547,59.1882666132313,39.7144402352308,,,,,,,,,,,,,,,,,,,,,,,,16.6666666666667,0,81.8181818181818,-1,7,6,2,2,3,3,0,0,0.666666666666667,1,,
Florida St.,Leonard Hamilton,ACC,NO,,57.1025986327728,3.55234382045415,-4.24516671543027,8.43024204160173,5.36640599843893,,,,,,,,,,,,,,,,,,,,,,,,0,0,0,0,0,0,0,0,0,0,0,0,0,1,,
Georgia,Mike White,SEC,NO,,59.9527433315692,15.6116049352337,-35.9009981986703,30.1156018462686,30.6343014487802,,,,,,,,,,,,,,,,,,,,,,,,16.6666666666667,0,70,-4,3,4,1,0,1,3,0,0,3,1,,
San Diego,Brian Dutcher,Mountain West,NO,,125.86947056659,-8.93066767446272,-16.3815468197594,37.3184090698753,25.1879267009947,,,,,,,,,,,,,,,,,,,,,,,,35.7142857142857,20,63.6363636363636,-2,4.33333333333333,6.66666666666667,1.33333333333333,1.33333333333333,2.66666666666667,4,0,0,0.749999999999999,1,,
Louisiana,Bob Marlin,Sun Belt,NO,,53.0409055252217,-13.4399512711748,-25.0341400300218,-1.84576251232778,16.3966589874751,,,,,,,,,,,,,,,,,,,,,,,,33.3333333333333,50,60,-5,4,5,1,0,0,1,0,0,0,1,,
Seton Hall,Gerry McNamara,MAAC,NO,,53.67275525,-9.62113552037932,-25.5558643810873,22.50149409421,20.3403230721516,,,,,,,,,,,,,,,,,,,,,,,,33.3333333333333,75,52.6315789473684,1,4.66666666666667,4.66666666666667,1.66666666666667,0.666666666666667,1.66666666666667,2,0,0,0.399999999999999,1,,
Eastern Washington,Dan Monsoon,Big Sky,NO,,43.3795780187524,57.2936064412149,-31.8965995587851,61.5354047212149,52.761136459122,,,,,,,,,,,,,,,,,,,,,,,,58.3333333333333,33.3333333333333,80,-3,2.5,4,0,1.5,0.5,1,0,0,2,1,,
Yale,Ethan Faulkner,Horizon,NO,,13.0220187732667,31.0893478774733,-34.7141980184993,54.8532176872487,41.8016700810906,,,,,,,,,,,,,,,,,,,,,,,,42.8571428571429,75,0,-2,4,6,2,4,3,0,0,0,0,1,,
Virginia Tech,Andrew Wilson,Southern,NO,,19.8488631441333,-18.5633818132989,-48.2410442158789,14.7718518162188,32.3405270520646,,,,,,,,,,,,,,,,,,,,,,,,50,66.6666666666667,50,-1,4,8,1,3,1,1,0,0,0,1,,
Ohio St.,Porter Moser,SEC,NO,,55.3597218618571,45.86130883188,1.43698457989956,54.963043950946,28.6397195028615,,,,,,,,,,,,,,,,,,,,,,,,0,0,0,0,0,0,0,0,0,0,0,0,0,1,,
Oakland,Jeff Boals,MAC,NO,,38.5299595428889,50.5306515552721,-40.3754655176808,58.2531921840772,54.8500560241214,,,,,,,,,,,,,,,,,,,,,,,,0,0,0,0,0,0,0,0,0,0,0,0,0,1,,
Ohio,Jake Diebler,Big Ten,NO,,59.8594799486,-7.70435663428611,-13.1407335571971,1.20245368499489,5.94679524717733,,,,,,,,,,,,,,,,,,,,,,,,40,0,78.5714285714286,4,6,6,1,3,1,3,0,0,1,1,,
Richmond,Kevin Baggett,MAAC,NO,,32.1676836148461,-15.8777384052538,-37.1892646645918,-13.6576782710758,12.9925964604034,,,,,,,,,,,,,,,,,,,,,,,,35.4838709677419,20,91.6666666666667,-1.5,9.5,8,3,1,2.5,3.5,0,1,1,1,,
Arizona St.,Bobby Hurley,Big 12,NO,,54.0769075817333,54.3377202902123,-23.38136543884,60.7051637002467,40.0353585095854,,,,,,,,,,,,,,,,,,,,,,,,40.9090909090909,16.6666666666667,80,0.333333333333333,6.33333333333333,5,1.66666666666667,1.33333333333333,1.33333333333333,1,0,0,0.25,1,,
LSU,Matt McMahon,SEC,NO,,61.7139136276476,28.8530920493225,-31.4644745897735,69.2320734273725,50.6762037596873,,,,,,,,,,,,,,,,,,,,,,,,0,0,0,0,0,0,0,0,0,0,0,0,0,1,,
James Madison,Preston Spradlin,Sun Belt,NO,,46.0629459047429,7.58953599025742,-23.7903990684186,14.0240179432254,20.2321238637153,,,,,,,,,,,,,,,,,,,,,,,,57.1428571428571,25,75,-2,5,2,2,1,3,1,0,0,0.333333333333333,1,,
Toledo,Pat Skerry,CAA,NO,,39.5682520696,15.5408514602486,-5.691008534848,62.175955330974,28.6741435614166,,,,,,,,,,,,,,,,,,,,,,,,80,50,66.6666666666667,1,3,3,0,1,3,2,0,0,0.333333333333333,1,,
Stanford,Kyle Keller,WAC,NO,,41.8053821508,0.84309910424519,-8.7191152691527,10.2232611920026,8.22172457005332,,,,,,,,,,,,,,,,,,,,,,,,0,0,0,0,0,0,0,0,0,0,0,0,0,1,,
Memphis,Penny Hardaway,American,NO,,74.4788532338,23.757934648594,4.15221173005533,29.5629790349104,13.3153420691265,,,,,,,,,,,,,,,,,,,,,,,,83.3333333333333,0,71.4285714285714,4,4,2,1,1,1,0,0,0,0,1,,
Cincinnati,Wes Miller,Big 12,NO,,79.2619862695846,20.7607677702758,-9.59026132214415,34.2027900036778,22.4339930801387,,,,,,,,,,,,,,,,,,,,,,,,0,0,0,0,0,0,0,0,0,0,0,0,0,1,,
Samford,Steve Lavin,WCC,NO,,51.5219839761263,1.918937157114,-11.67976152063,6.52933811665333,9.46706318714441,,,,,,,,,,,,,,,,,,,,,,,,43.4782608695652,33.3333333333333,42.8571428571429,-4,4.5,11,2.5,4,2,3,0,1,0.75,1,,
Kansas St.,Jerome Tang,Big 12,NO,,56.3676503716,-25.144165754504,-46.8924358537953,-15.950228868362,15.8899124232299,,,,,,,,,,,,,,,,,,,,,,,,0,0,0,0,0,0,0,0,0,0,0,0,0,1,,
Florida,Todd Golden,SEC,NO,,52.7132117688,-8.54170054021069,-12.548298389686,30.589700018122,20.4086614041091,,,,,,,,,,,,,,,,,,,,,,,,50.9090909090909,38.7096774193548,77.0491803278689,3.28571428571429,4.85714285714286,3.85714285714286,1.85714285714286,1.28571428571429,0.571428571428571,1.14285714285714,2,0,1.75,1,,
Penn St.,Ed Schilling,WCC,NO,,14.0602941914667,82.1859264961263,-15.8062382410131,142.231872023446,66.5808247140174,,,,,,,,,,,,,,,,,,,,,,,,0,0,0,0,0,0,0,0,0,0,0,0,0,1,,
Utah,Jerrod Calhoun,Mountain West,NO,,64.265658956,17.6737018349114,1.56314824313605,48.3742612431361,19.8993568137059,,,,,,,,,,,,,,,,,,,,,,,,44.4444444444444,33.3333333333333,0,-2,6,6,2,2,1,0,0,0,0,1,,
Bowling Green,Todd Simon,MAC,NO,,43.2648558183333,17.8912880212653,3.91474223786333,30.0290366091118,13.0679324003807,,,,,,,,,,,,,,,,,,,,,,,,50,0,81.8181818181818,0,4,5,1,0,1,4,0,0,4,1,,
Wagner,Steve Forbes,ACC,NO,,54.5157712483111,-4.25317972460133,-12.597764483048,43.2419687148287,30.1205827292137,,,,,,,,,,,,,,,,,,,,,,,,0,0,0,0,0,0,0,0,0,0,0,0,0,1,,
Wichita St.,Brian Earl,CAA,NO,,23.8873635388,27.7819707263854,0.528171103843208,30.2878791512254,16.5060059471534,,,,,,,,,,,,,,,,,,,,,,,,50,0,72,-2.5,5,6,0.5,1.5,0.5,1,0,0,2,1,,
Oklahoma,Steve Lutz,Big 12,NO,,81.1550075678,-25.815747812873,-29.2664134250114,1.11531794249457,16.6344972711031,,,,,,,,,,,,,,,,,,,,,,,,0,0,0,0,0,0,0,0,0,0,0,0,0,1,,
Utah St.,Jon Judkins,WAC,NO,,7.0070492314,62.078799044937,49.099178106478,75.058419983396,18.3559559656305,,,,,,,,,,,,,,,,,,,,,,,,0,0,0,0,0,0,0,0,0,0,0,0,0,1,,
UTSA,Roger Powell,Missouri Valley,NO,,7.1519370732,-17.3752400770565,-44.3379253976196,9.58744524350667,38.1309952583384,,,,,,,,,,,,,,,,,,,,,,,,0,0,0,0,0,0,0,0,0,0,0,0,0,1,,
Kent St.,Rob Senderoff,MAC,NO,,49.7889671492132,18.7835379656131,7.16720872852413,30.3998672027021,16.4279703520824,,,,,,,,,,,,,,,,,,,,,,,,71.4285714285714,33.3333333333333,66.6666666666667,5,5,4,0,1,1,0,0,0,0,1,,
Illinois Chicago,Rob Ehsan,Missouri Valley,NO,,62.6829070163333,49.778629590492,35.870897171236,63.686362009748,19.6685038091678,,,,,,,,,,,,,,,,,,,,,,,,70,66.6666666666667,80,2,3,4,1,1,0,1,0,0,0,1,,
Stephen F. Austin,Donnie Jones,ASUN,NO,,41.3867413469524,-1.23986215768167,-7.986429492442,5.50670517707867,9.54108702428137,,,,,,,,,,,,,,,,,,,,,,,,0,0,0,0,0,0,0,0,0,0,0,0,0,1,,
West Virginia,Tim Craft,Southern,NO,,22.3290068458,-2.98305533106733,-3.21954934821333,27.4887991446407,17.6615991714956,,,,,,,,,,,,,,,,,,,,,,,,25,0,83.3333333333333,-3,7,4,3,2,4,0,0,0,0,1,,
Purdue Fort Wayne,Grant Leonard,ASUN,NO,,23.8251060647333,18.9871354639678,15.013526702528,32.3269833786938,9.06915000661106,,,,,,,,,,,,,,,,,,,,,,,,12.5,0,100,-7,4,8,1,2,1,1,0,0,0,1,,
Stetson,Chris Kraus,NEC,NO,,9.58482887086667,-13.8016075304805,-17.4099838287225,40.4200532234846,32.3968158411889,,,,,,,,,,,,,,,,,,,,,,,,42.8571428571429,33.3333333333333,50,7,8,5,1,1,1,1,0,0,1,1,,
Seattle,Shaheen Halloway,Big East,NO,,51.1388220442667,-2.77654082904765,-24.53073636527,93.2729686836587,54.1477727847842,,,,,,,,,,,,,,,,,,,,,,,,40.9090909090909,55.5555555555556,66.6666666666667,-2.33333333333333,3.33333333333333,4.66666666666667,1.33333333333333,0.666666666666667,2,1.33333333333333,0,0,0.5,1,,
Washington St.,Eric Duft,Big Sky,NO,,35.1241851203333,3.948459427826,-14.19184924368,58.828294459516,31.7564970920513,,,,,,,,,,,,,,,,,,,,,,,,36.3636363636364,33.3333333333333,100,-8,6,7,2,1,3,0,0,0,0,1,,
Saint Louis,Randy Bennett,WCC,NO,,194.355181259403,-2.209825379906,-6.335743760888,1.916093001076,5.83492973162919,,,,,,,,,,,,,,,,,,,,,,,,23.0769230769231,37.5,80,-3.5,5,7.5,2,3.5,2.5,1.5,0,0,0.6,1,,
Georgetown,Ed Cooley,Big East,NO,,46.3247158819024,-21.916389067003,-22.418221234697,-19.4272207029173,1.6017635515479,,,,,,,,,,,,,,,,,,,,,,,,0,0,0,0,0,0,0,0,0,0,0,0,0,1,,
California,Mark Madsen,ACC,NO,,45.9598006138,3.47479279166333,-26.4387292083367,7.340818794608,18.4879366920846,,,,,,,,,,,,,,,,,,,,,,,,0,0,0,0,0,0,0,0,0,0,0,0,0,1,,
Liberty,Ritchie McKay,CUSA,NO,,76.0880432848464,14.8146413782923,-9.22376451187754,89.1799288816385,43.1944424769917,,,,,,,,,,,,,,,,,,,,,,,,60,36.3636363636364,0,0,4,5.5,1,1,2,2.5,0,1,1.25,1,,
Tulsa,Andy Kennedy,American,NO,,61.6901112912322,-11.549203987716,-12.320572307638,-9.830788313104,1.27455782235574,,,,,,,,,,,,,,,,,,,,,,,,50,40,70.5882352941176,5,13,16,5,4,7,9,0,1,1,1,,
Massachusetts,Frank Martin,A10,NO,,37.7595679873591,14.1970905876983,-10.0739603488175,28.4243534276816,18.4420210325765,,,,,,,,,,,,,,,,,,,,,,,,44.1176470588235,46.1538461538462,36.3636363636364,0.333333333333333,5,8.33333333333333,1.66666666666667,2.33333333333333,1.33333333333333,3,0,1,1,1,,
High Point,Alan Huss,Big South,NO,,52.14726605,0.37770990909289,-24.799612469544,43.12848566,28.6422903450873,,,,,,,,,,,,,,,,,,,,,,,,50,0,60,-4,3,7,0,2,1,1,0,0,0,1,,
Appalachian St.,Dustin Kerns,Sun Belt,NO,,39.2744788767714,-42.4311858011183,-44.5596679222143,-40.3027036800223,3.01012828292262,,,,,,,,,,,,,,,,,,,,,,,,0,0,0,0,0,0,0,0,0,0,0,0,0,1,,
Iona,Tobin Anderson,MAAC,NO,,42.1428374803333,14.1176338630035,-19.2049644022287,43.7217724493453,26.7543275439665,,,,,,,,,,,,,,,,,,,,,,,,46.6666666666667,0,66.6666666666667,2.5,6,1,3.5,0,2.5,1.5,0,0,0.4,1,,
Oregon St.,Dave Smart,WCC,NO,,45.554593648,35.9742402339389,-1.76546220542078,93.3881053186432,47.914574081958,,,,,,,,,,,,,,,,,,,,,,,,0,0,0,0,0,0,0,0,0,0,0,0,0,1,,
UTEP,Austin Claunch,American,NO,,40.4910019831333,-32.51387427469,-32.51387427469,-32.51387427469,–,,,,,,,,,,,,,,,,,,,,,,,,0,0,0,0,0,0,0,0,0,0,0,0,0,1,,
Towson,Scott Cross,Sun Belt,NO,,1.57863402888759,10.6306473155896,-16.973006249966,21.12073811718,19.677131629984,,,,,,,,,,,,,,,,,,,,,,,,44.4444444444444,66.6666666666667,80,0.5,2,5.5,1.5,2,0.5,3,0,0,4,1,,
Milwaukee,Bart Lundy,Horizon,NO,,36.9841263044222,2.66409070761022,2.05274031909422,3.27544109612622,0.864580010801388,,,,,,,,,,,,,,,,,,,,,,,,0,0,0,0,0,0,0,0,0,0,0,0,0,1,,
Longwood,Griff Aldrich,Big South,NO,,57.5311265123619,15.1554977798276,-6.4127884401806,38.3572089907176,22.3899644318028,,,,,,,,,,,,,,,,,,,,,,,,40,50,85.7142857142857,12,10,4,4,1,0,1,0,0,0,1,,
Belmont,Casey Alexander,Missouri Valley,NO,,67.2409516640637,2.65554341670931,-9.75937141050536,15.0925877324626,12.4259812135887,,,,,,,,,,,,,,,,,,,,,,,,87.5,75,100,8,4,0,1,0,1,1,0,0,0,1,,
Bucknell,John Griffin III,Patriot,NO,,46.7799455628,17.617273345102,-23.9488103571876,55.578608743484,28.5366565591522,,,,,,,,,,,,,,,,,,,,,,,,45.6521739130435,22.2222222222222,62.1621621621622,2,10.3333333333333,11.6666666666667,2.33333333333333,4,4.33333333333333,3.66666666666667,0,3,0.538461538461538,1,,
Santa Clara,Chris Victor,WAC,NO,,40.6293815462,-9.59977831855185,-68.2211696286773,18.9962152000289,36.9801072131988,,,,,,,,,,,,,,,,,,,,,,,,33.3333333333333,7.69230769230769,68.75,-6,8.66666666666667,6.66666666666667,3,1,2.33333333333333,1.66666666666667,0,1,0.285714285714286,1,,
UNC Asheville,Mike Jones,Big South,NO,,32.8804703353209,-12.2336301395965,-44.5717266442085,20.1044663650155,45.7329746581523,,,,,,,,,,,,,,,,,,,,,,,,33.3333333333333,25,57.1428571428571,-4,6,6,3,1,3,1,0,0,0,1,,
Rutgers,Michael Czepil,Big Sky,NO,,14.785375724,-16.5393144991049,-17.8645036667989,1.67789859126508,10.9203820531923,,,,,,,,,,,,,,,,,,,,,,,,37.5,0,71.4285714285714,9,9,6,1,1,1,1,0,0,1,1,,
Jacksonville St.,Ray Harper,CUSA,NO,,46.1511483320256,8.28054390946903,-12.460985867563,62.0205993909003,38.4398039434225,,,,,,,,,,,,,,,,,,,,,,,,53.3333333333333,50,92.3076923076923,6,6.5,5,2,3,1,0.5,0,0,0.5,1,,
Norfolk St.,Tony Pujol,ASUN,NO,,16.8495102996,16.9167669425407,0.050372541079333,58.085577147518,29.8536183387941,,,,,,,,,,,,,,,,,,,,,,,,0,0,0,0,0,0,0,0,0,0,0,0,0,1,,
Sam Houston St.,Bucky McMillan,Southern,NO,,60.151979789,7.204391705968,-13.493629326908,92.113260396472,55.9623969197543,,,,,,,,,,,,,,,,,,,,,,,,0,0,0,0,0,0,0,0,0,0,0,0,0,1,,
Wake Forest,Danny Sprinkle,Big Ten,NO,,67.1021452937333,-27.0817272725989,-50.7589424624104,28.1388630007251,31.3185549322553,,,,,,,,,,,,,,,,,,,,,,,,70,66.6666666666667,83.3333333333333,4,3,5.5,1,4,2.5,3,0,1,0.8,1,,
Weber St.,Dave Moore,ASUN,NO,,6.653741,-16.5818419319597,-24.8796385839347,-8.28404527998467,11.7348565630371,,,,,,,,,,,,,,,,,,,,,,,,0,0,0,0,0,0,0,0,0,0,0,0,0,1,,
Delaware,Martin Ingelsby,CAA,NO,,51.5573868993556,-6.14683300889822,-41.7597090088982,53.3981283846178,48.0778767240497,,,,,,,,,,,,,,,,,,,,,,,,16.6666666666667,0,75,4,6,6,1,3,1,4,0,0,3,1,,
Eastern Kentucky,A.W. Hamilton,ASUN,NO,,46.4459657066286,78.9170656648632,52.7579048992583,105.076226430468,36.9946399350165,,,,,,,,,,,,,,,,,,,,,,,,50,66.6666666666667,80,3,4,3,1,1,3,0,0,0,0,1,,
Wyoming,Sean Miller,Big East,NO,,117.612066177566,13.86186448803,-39.733456833776,24.0824399793458,34.2767834863588,,,,,,,,,,,,,,,,,,,,,,,,0,0,0,0,0,0,0,0,0,0,0,0,0,1,,
Rhode Island,Rob Lanier,American,NO,,34.1965228548222,22.8518232490886,-40.8320591643168,86.535705662494,90.0626102136114,,,,,,,,,,,,,,,,,,,,,,,,0,0,0,0,0,0,0,0,0,0,0,0,0,1,,
New Mexico,Jason Hooten,CUSA,NO,,40.7085209149333,7.0274447521497,-15.3433369102745,76.1887821511567,39.7426358703651,,,,,,,,,,,,,,,,,,,,,,,,28.5714285714286,0,83.3333333333333,-2,7,8,2,4,4,2,0,0,0.5,1,,
Colorado St.,Niko Medved,Mountain West,NO,,49.6600152127333,-7.04400907869469,-23.8959569502927,27.00282090747,23.9049603932533,,,,,,,,,,,,,,,,,,,,,,,,52.9411764705882,28.5714285714286,90.4761904761905,3.5,7,4,1.5,1.5,2,2.5,0,1,1,1,,
Texas A&M Corpus Chris,Johnny Jones,SWAC,NO,,29.3244331550445,31.532012220742,14.266768246472,59.754250555968,22.9626306310858,,,,,,,,,,,,,,,,,,,,,,,,50,20,60,8,7,6,3,2,0,1,0,0,0,1,,
New Mexico St.,Stacy Hollowell,Southland,NO,,5.215382038,11.4068615041982,0.487446561173773,22.3262764472227,15.4423847056046,,,,,,,,,,,,,,,,,,,,,,,,33.3333333333333,0,50,-8,6,7,2,3,1,0,0,0,0,1,,
Texas Southern,Terrence Johnson,Sun Belt,NO,,23.1455203882,9.07046494443465,2.01418825342245,71.7032382593584,32.6809798734184,,,,,,,,,,,,,,,,,,,,,,,,0,0,0,0,0,0,0,0,0,0,0,0,0,1,,
Merrimack,Joe Gallo,NEC,NO,,33.776361182,3.54634977487867,-11.012811314984,71.725862140952,44.1703202829006,,,,,,,,,,,,,,,,,,,,,,,,0,0,0,0,0,0,0,0,0,0,0,0,0,1,,
UNC Wilmington,Kevin Kruger,Mountain West,NO,,67.4515409162,0.955745629005,-5.29860499234,7.21009625035,8.84498747254269,,,,,,,,,,,,,,,,,,,,,,,,66.6666666666667,50,66.6666666666667,1.5,5.5,2.5,0.5,0,1,1,0,0,0,1,,
St. Bonaventure,Rick Pitino,Big East,NO,,319.017023434346,8.33485005309026,-10.1406125874234,22.5290415802706,14.0221815344999,,,,,,,,,,,,,,,,,,,,,,,,0,0,0,0,0,0,0,0,0,0,0,0,0,1,,
Montana,Travis DeCuire,Big Sky,NO,,34.0665892974,13.5814880915964,13.5814880915964,13.5814880915964,–,,,,,,,,,,,,,,,,,,,,,,,,0,0,0,0,0,0,0,0,0,0,0,0,0,1,,
Hofstra,Speedy Claxton,CAA,NO,,50.3121855882,34.276046108394,25.31364899618,44.8634793154713,9.78616514460104,,,,,,,,,,,,,,,,,,,,,,,,43.75,20,85.7142857142857,0.5,7.5,4,1.5,0.5,2,2,0,1,0.75,1,,
Charlotte,Aaron Fearne,American,NO,,47.0340835632,-4.95312636446,-9.825808571742,35.241519477802,24.7332995635548,,,,,,,,,,,,,,,,,,,,,,,,0,0,0,0,0,0,0,0,0,0,0,0,0,1,,
Western Illinois,Hank Plona,CUSA,NO,,22.096147862,-6.71958554997834,-26.610484081908,64.395819950968,40.1165584475201,,,,,,,,,,,,,,,,,,,,,,,,53.8461538461538,33.3333333333333,71.4285714285714,8,5.5,3.5,0.5,0,1,3,0,0,2,1,,
Northeastern,Shane Burcar,Big Sky,NO,,13.1876127985333,52.4909336673003,15.3551170379857,62.7134997410592,20.9569376760108,,,,,,,,,,,,,,,,,,,,,,,,66.6666666666667,100,66.6666666666667,5,7,4.5,1,1.5,1,0.5,0,0,1,1,,
Mercer,Ryan Ridder,Southern,NO,,34.8096531462286,-7.35227415617471,-20.6201251420537,5.91557682970428,18.7635748077753,,,,,,,,,,,,,,,,,,,,,,,,42.8571428571429,40,0,-3,1,8,0,4,1,2,0,0,0,1,,
UNC Greensboro,Takayo Siddle,CAA,NO,,50.1962340194,11.0657431092892,5.64568561807921,16.4858006004992,7.66511881291107,,,,,,,,,,,,,,,,,,,,,,,,40,33.3333333333333,83.3333333333333,6,7,5,1,3,0,1,0,0,0,1,,
Cal Baptist,Rick Croy,WAC,NO,,16.6382894315429,-17.3675573362584,-18.8615078895506,-5.4279984390179,6.34605695042501,,,,,,,,,,,,,,,,,,,,,,,,30.7692307692308,0,100,-1.5,4,6.5,0.5,2.5,0.5,1,0,0,0,1,,
Lipscomb,Lennie Acuff,ASUN,NO,,32.241690454,14.1761671328727,8.79294207810133,40.531926807188,13.9301060613905,,,,,,,,,,,,,,,,,,,,,,,,48,27.2727272727273,75,-2.66666666666667,3,5,1,1.33333333333333,1.33333333333333,2.33333333333333,0,0,1,1,,
North Dakota St.,Matthew Driscoll,ASUN,NO,,-2.89474269663333,-4.02653438626127,-28.4017055468093,94.4655415253827,65.0527970057016,,,,,,,,,,,,,,,,,,,,,,,,55.1724137931034,31.25,73.6842105263158,0.666666666666667,4.66666666666667,7.33333333333333,0.666666666666667,2,1.33333333333333,1.33333333333333,0,1,0.750000000000002,1,,
UCF,Mick Cronin,Big Ten,NO,,105.526791193612,2.43715136975731,-0.349497106178689,37.7964968390618,21.2648598075808,,,,,,,,,,,,,,,,,,,,,,,,55,20,85,4.66666666666667,6.33333333333333,4.66666666666667,1.33333333333333,2.33333333333333,1.33333333333333,0.333333333333333,1,0,0,1,,
South Carolina,Erik Martin,MEAC,NO,,10.1520307002667,14.1027435112921,-48.3816647308999,69.1622330461321,41.8710604961591,,,,,,,,,,,,,,,,,,,,,,,,71.4285714285714,0,50,-6,4,6,1,4,2,0,0,0,0,1,,
Miami OH,Travis Steele,MAC,NO,,37.3874402668,4.94911569439578,-32.329456682606,81.682016831344,58.1323865101347,,,,,,,,,,,,,,,,,,,,,,,,0,0,0,0,0,0,0,0,0,0,0,0,0,1,,
Saint Peter's,Chris Mudge,CUSA,NO,,34.9449370742,39.029275438906,30.576022199831,47.425742823461,8.37241625769974,,,,,,,,,,,,,,,,,,,,,,,,37.037037037037,20,55.5555555555556,-2.75,6,5.75,1,1.5,2,1,1,0,0.125,1,,
Bradley,Brian Wardle,Missouri Valley,NO,,44.4401776432857,-1.64462323795514,-6.75495940126114,17.6631974716522,11.0381422178419,,,,,,,,,,,,,,,,,,,,,,,,0,0,0,0,0,0,0,0,0,0,0,0,0,1,,
Missouri St.,Cuonzo Martin,Missouri Valley,NO,,36.5788407695065,35.4821072407911,26.3060411213391,44.6581733602431,12.9769171553613,,,,,,,,,,,,,,,,,,,,,,,,61.1111111111111,66.6666666666667,62.962962962963,-5,16,13,4,5,9,7,0,1,0.333333333333333,1,,
Northern Iowa,Darrin Horn,Horizon,NO,,57.3724902283229,17.6080869960741,-35.7032852548393,47.7701376874884,42.2683176285651,,,,,,,,,,,,,,,,,,,,,,,,71.4285714285714,50,25,6,6,4,1,1,1,1,0,0,0,1,,
East Tennessee St.,Brooks Savage,Southern,NO,,32.339955061,-16.9242157121884,-46.079236906742,12.2308054823653,41.2314263846128,,,,,,,,,,,,,,,,,,,,,,,,52.9411764705882,33.3333333333333,60,-4.5,3,5.5,1.5,2.5,0.5,2,0,0,3,1,,
Missouri,Dennis Gates,SEC,NO,,36.8425967764,-9.76717632232669,-31.6977360351807,153.07094646319,85.8902825083368,,,,,,,,,,,,,,,,,,,,,,,,50,100,75,5,5,2,1,0,1,1,0,0,1,1,,
Syracuse,Billy Gillispie,WAC,NO,,21.8008191583143,-8.869008397912,-34.5895104475,-3.604962406018,16.5795889737077,,,,,,,,,,,,,,,,,,,,,,,,64.7058823529412,25,64.5161290322581,2.66666666666667,7.33333333333333,5.66666666666667,2.33333333333333,2,1.66666666666667,3.33333333333333,0,1,0.799999999999996,1,,
Providence,Matt Painter,Big Ten,NO,,146.168633323182,-15.0888797658228,-26.3496888126,-0.815841077006,10.8100726251525,,,,,,,,,,,,,,,,,,,,,,,,50,60,76.9230769230769,3.5,5.5,4,2.5,2,0,1.5,0,0,0,1,,
Murray St.,Steve Prohm,Missouri Valley,NO,,46.4686837198124,59.5653034296139,9.98154819521889,109.149058664009,70.1220191258694,,,,,,,,,,,,,,,,,,,,,,,,0,0,0,0,0,0,0,0,0,0,0,0,0,1,,
St. Thomas,Kyle Smith,ACC,NO,,60.6759391623302,26.728408920748,23.533064263648,29.923753577848,4.51889975052723,,,,,,,,,,,,,,,,,,,,,,,,0,0,0,0,0,0,0,0,0,0,0,0,0,1,,
UC Davis,Russell Turner,Big West,NO,,111.237957528905,20.6175007514069,10.3077192309426,44.9491397514069,17.787393790274,,,,,,,,,,,,,,,,,,,,,,,,30,12.5,78.5714285714286,1,8.5,5.5,4.5,2,2,2,0,0,0.25,1,,
Davidson,Matt McKillop,A10,NO,,38.6438521003333,2.48346823719956,0.459017170631112,4.507919303768,2.86300615470177,,,,,,,,,,,,,,,,,,,,,,,,50,0,84.6153846153846,3,6,3.5,2,1.5,2.5,1,0,0,0,1,,
Grambling St.,Donte Jackson,SWAC,NO,,29.0081435401714,74.1949731505729,32.3728251932097,116.017121107936,59.1454488488772,,,,,,,,,,,,,,,,,,,,,,,,66.6666666666667,100,80,3,5,5,0,2,3,0,1,0,0,1,,
Northern Colorado,Rashon Burno,MAC,NO,,10.4275505536,44.8904932876558,32.5394377621916,57.24154881312,17.4670302337346,,,,,,,,,,,,,,,,,,,,,,,,42.8571428571429,42.8571428571429,83.3333333333333,0,10,13,6,5,4,4,0,1,0.75,1,,
Austin Peay,Corey Gipson,ASUN,NO,,43.0024390968667,30.8251802447127,9.81097289978067,81.3770185217913,36.7849247869727,,,,,,,,,,,,,,,,,,,,,,,,42.8571428571429,0,46.1538461538462,-1.5,5,7,2,3,0,1,0,0,0,1,,
North Carolina Central,Paul Sather,Summit,NO,,20.9444921560667,22.7060102006232,-12.4034283424403,40.7786023450257,19.0612774740408,,,,,,,,,,,,,,,,,,,,,,,,43.4782608695652,14.2857142857143,78.5714285714286,-1,3.33333333333333,4.33333333333333,1.66666666666667,1,1,1.33333333333333,0,0,0.333333333333333,1,,
Loyola Chicago,Drew Valentine,A10,NO,,38.7379397731333,-7.89553558098867,-29.2679965809887,40.1476803348553,35.5515327527468,,,,,,,,,,,,,,,,,,,,,,,,50,33.3333333333333,50,2,6,3,3,1,1,2,0,0,1,1,,
Ball St.,Michael Lewis,MAC,NO,,25.2140028319333,0.726187966605333,-31.7813703625033,49.2182296095513,40.7618176051528,,,,,,,,,,,,,,,,,,,,,,,,0,0,0,0,0,0,0,0,0,0,0,0,0,1,,
North Texas,Bill Coen,CAA,NO,,26.8611842163743,24.158916237262,6.986259863016,41.331572611508,24.2858035464315,,,,,,,,,,,,,,,,,,,,,,,,42.8571428571429,0,0,3,6,7,3,3,2,2,0,0,0,1,,
George Mason,Tony Skinn,A10,NO,,26.4547746932,1.458172966862,-28.5946487463436,81.991769992592,41.4033481917071,,,,,,,,,,,,,,,,,,,,,,,,39.1304347826087,16.6666666666667,76.4705882352941,-1.5,7,10,1.5,5.5,3.5,3.5,0,1,0.714285714285714,1,,
Southeast Missouri St.,David Kiefer,Southland,NO,,12.0926206398,19.1335461197664,5.431036251052,77.924259539066,38.5127125845875,,,,,,,,,,,,,,,,,,,,,,,,50,40,50,2,7,7,2,2,1,1,0,0,0,1,,
Cal St. Northridge,Andy Newman,Big West,NO,,37.7976351992667,10.4703345400533,-0.592332469946667,72.0855495300533,39.1596983552478,,,,,,,,,,,,,,,,,,,,,,,,75,50,80,10,5,5,1,3,0,3,0,0,0,1,,
South Alabama,Lamont Paris,SEC,NO,,33.2802514922095,32.2061877690924,-32.4808606017564,53.0849698670336,39.3616922230624,,,,,,,,,,,,,,,,,,,,,,,,48,33.3333333333333,76.9230769230769,5,6,3.25,1.75,0.5,1,1.5,1,0,0.75,1,,
Montana St.,Matt Logie,Big Sky,NO,,24.046014871,9.331020120604,-13.16519102613,41.392516273274,27.4182496319317,,,,,,,,,,,,,,,,,,,,,,,,54.5454545454545,0,87.5,12,6,4,3,1,0,6,0,0,0,1,,
UT Arlington,Kahil Fennell,Southland,NO,,36.926212724,26.237454908555,-18.130882044516,70.605791861626,62.7463038589724,,,,,,,,,,,,,,,,,,,,,,,,75,100,100,-4,2,1,0,0,5,1,0,0,0,1,,
Notre Dame,Greg Kampe,Horizon,NO,,47.8867816931231,0.09247664142,-29.21166304648,76.132001067378,54.372219387458,,,,,,,,,,,,,,,,,,,,,,,,0,0,0,-3,0,0,0,0,0,0,0,0,0,1,,
Arkansas St.,Bryan Hodgson,Sun Belt,NO,,43.64699289,6.71772066669834,1.64916680929,96.29865080929,45.7144083971984,,,,,,,,,,,,,,,,,,,,,,,,44,11.1111111111111,57.1428571428571,-3,6,8,2,2,1.5,3.5,1,1,0.666666666666667,1,,
Nicholls St.,Grant Billmeier,American East,NO,,11.0298633496,21.3256261421184,-22.195630089172,49.566174055484,29.9518380733321,,,,,,,,,,,,,,,,,,,,,,,,29.0322580645161,28.5714285714286,71.4285714285714,-0.333333333333333,6.33333333333333,6.66666666666667,2,1.33333333333333,1.33333333333333,1.66666666666667,0,0,0.750000000000002,1,,
Portland St.,Byron Smith,SWAC,NO,,-6.2733468062,25.16330024158,23.384395163772,26.942205319388,2.51575168721044,,,,,,,,,,,,,,,,,,,,,,,,75,100,75,0,5,6,0,3,7,4,0,0,0.142857142857143,1,,
UC Riverside,Eric Olen,Big West,NO,,25.338171386,35.623275807094,24.562023938326,88.591746294468,34.2242981512667,,,,,,,,,,,,,,,,,,,,,,,,50,33.3333333333333,71.4285714285714,3,5,3.5,0.5,0.5,1.5,1.5,0,0,0.666666666666667,1,,
Rider,Andrew Toole,Horizon,NO,,-2.0765777289077,14.2751056402082,2.44567328932923,68.6952588190025,30.7534649178163,,,,,,,,,,,,,,,,,,,,,,,,33.3333333333333,25,71.4285714285714,-0.5,6.5,6.5,1.5,2.5,2,1,0,0,0.25,1,,
Central Connecticut,Patrick Sellers,NEC,NO,,18.531219678,69.6681618471,-13.3774973364847,113.162609540936,64.2919734984819,,,,,,,,,,,,,,,,,,,,,,,,35.7142857142857,50,100,-2,3.5,4.5,1,1,0.5,0,0,0,1,1,,
Abilene Christian,Brette Tanner,WAC,NO,,31.5921280082,-13.6238340021547,-66.48424660752,39.2365786032107,74.7559124191454,,,,,,,,,,,,,,,,,,,,,,,,0,0,0,0,0,0,0,0,0,0,0,0,0,1,,
Fordham,Keith Urgo,A10,NO,,29.5848748308,-1.30187435993811,-9.01481068427267,68.710576242144,36.5275294322493,,,,,,,,,,,,,,,,,,,,,,,,57.8947368421053,40,66.6666666666667,4,5.5,5,1.5,1,1.5,2,0,0,0.666666666666667,1,,
Southern,Scott Nagy,Missouri Valley,NO,,63.3864680810571,-5.58104876471,-11.928415152812,59.95865823529,39.7984371008398,,,,,,,,,,,,,,,,,,,,,,,,25,50,100,-1,5,2,4,0,2,2,0,0,0.5,1,,
Howard,Kenny Blakeney,MEAC,NO,,37.7877358376,17.635937714746,9.02894298568266,34.72595718276,13.0797914249936,,,,,,,,,,,,,,,,,,,,,,,,61.5384615384615,71.4285714285714,60,4,7,9,2,4,5,3,0,1,0.2,1,,
Hawaii,Eran Ganot,Big West,NO,,51.1672309931111,13.7845764207921,8.87601716528311,18.6931356763011,6.9417510708528,,,,,,,,,,,,,,,,,,,,,,,,0,0,0,0,0,0,0,0,0,0,0,0,0,1,,
Tarleton St.,Jamie Dixon,Big 12,NO,,100.039716504919,-39.4064346546159,-65.8106093381353,18.5663897299391,36.0285239176434,,,,,,,,,,,,,,,,,,,,,,,,0,0,0,0,0,0,0,0,0,0,0,0,0,1,,
Louisiana Tech,Talvin Hester,CUSA,NO,,34.4458111817333,39.4820155507797,34.8921262990553,44.071904802504,6.49108362957907,,,,,,,,,,,,,,,,,,,,,,,,50,50,66.6666666666667,1,6,6,1,3,2,2,0,0,0.5,1,,
Western Carolina,Chad Boudreau,Ohio Valley,NO,,34.4080351152,-1.746946595058,-1.746946595058,-1.746946595058,–,,,,,,,,,,,,,,,,,,,,,,,,0,0,0,0,0,0,0,0,0,0,0,0,0,1,,
UMKC,Mike Morrell,Big South,NO,,36.3224734239524,26.8198547396519,23.5465826862493,30.0931267930544,4.62910573125872,,,,,,,,,,,,,,,,,,,,,,,,0,0,0,0,0,0,0,0,0,0,0,0,0,1,,
Tulane,Eric Konkol,American,NO,,49.5716539202,16.2931262628843,13.5974650375316,20.1021237945636,3.26817067036087,,,,,,,,,,,,,,,,,,,,,,,,57.1428571428571,50,83.3333333333333,-3,5,3,1,0,3,0,0,0,0,1,,
Texas St.,Grant McCasland,Big 12,NO,,99.6142870117048,36.549214889932,-0.681847716319331,49.03645861416,25.8650126070923,,,,,,,,,,,,,,,,,,,,,,,,55.5555555555556,40,100,3,5,4,1,1,1,2,0,0,1,1,,
Queens,Tom Pecora,MAAC,NO,,20.2896451979,13.854319262496,13.6868901225867,28.6675362664693,8.6011548586214,,,,,,,,,,,,,,,,,,,,,,,,0,0,0,0,0,0,0,0,0,0,0,0,0,1,,
Rice,Chris Mooney,A10,NO,,47.897482056819,7.66672288237721,-7.22218109703001,26.858928910856,18.0471457270223,,,,,,,,,,,,,,,,,,,,,,,,58.8235294117647,42.8571428571429,64,-0.5,6,7,1.5,2.5,1,1.5,0,1,1.5,1,,
Utah Valley,Joe Golding,CUSA,NO,,39.7659118826,44.643361716574,-15.256650376852,104.54337381,84.7114094888355,,,,,,,,,,,,,,,,,,,,,,,,42.8571428571429,33.3333333333333,50,-4,6,8,3,2,1,1,0,0,0,1,,
Denver,Jeff Wulbrun,Summit,NO,,28.7300368772,24.9078929699298,3.579873405896,61.462313175006,29.2731016710954,,,,,,,,,,,,,,,,,,,,,,,,30,0,75,-7.5,4,6,0.5,2.5,3.5,0,0,0,0,1,,
Wofford,Clint Sargent,Horizon,NO,,22.110163798,-17.5300884652293,-45.9016155311722,3.43996634913133,24.76313943957,,,,,,,,,,,,,,,,,,,,,,,,50,50,50,3,7,4,1,1,0,1,0,0,0,1,,
Stony Brook,Adrian Autry,ACC,NO,,43.0574428182,-19.6023685449833,-36.1706072267413,39.1556354550167,39.5833559374619,,,,,,,,,,,,,,,,,,,,,,,,57.1428571428571,0,66.6666666666667,5,3,6,1,3,0,3,0,0,0,1,,
Temple,Rick Barnes,SEC,NO,,129.411071759331,1.184931051209,-15.199023765032,87.08551595951,47.2291526274194,,,,,,,,,,,,,,,,,,,,,,,,23.5294117647059,16.6666666666667,89.4736842105263,1.33333333333333,6,5.33333333333333,1.66666666666667,2.66666666666667,2.66666666666667,1.33333333333333,0,0,0.375,1,,
East Carolina,Michael Schwartz,American,NO,,29.3131209733333,5.28513633361665,-6.943543210926,17.5138158781593,17.2939644618067,,,,,,,,,,,,,,,,,,,,,,,,38.0952380952381,42.8571428571429,59.375,0,11.5,7,5.5,1.5,3,2,0,1,0.166666666666667,1,,
Saint Joseph's,Josh Schertz,A10,NO,,54.7067429591333,7.6217935010995,-52.1706527010766,47.9397952085581,46.3555886622413,,,,,,,,,,,,,,,,,,,,,,,,63.1578947368421,50,62.5,0.333333333333333,4,3.33333333333333,1.33333333333333,0.666666666666667,0.666666666666667,1.33333333333333,0,0,1,1,,
William & Mary,Mark Prosser,Big South,NO,,38.7165189051429,16.795781296712,-34.784489205822,46.689794905338,35.2720813161455,,,,,,,,,,,,,,,,,,,,,,,,75,66.6666666666667,60,-4,3.5,3,0,1,2.5,0,0,0,0,1,,
George Washington,Chris Caputo,A10,NO,,29.3562001003333,-8.11761712714667,-34.987352216232,55.0532721282193,46.2238357441445,,,,,,,,,,,,,,,,,,,,,,,,71.4285714285714,33.3333333333333,83.3333333333333,2,7,3,1,1,1,0,0,0,0,1,,
Villanova,Ron Sanchez,ACC,NO,,38.2535454790667,-15.016386572348,-62.686378657622,14.932701002036,28.0922563076166,,,,,,,,,,,,,,,,,,,,,,,,77.7777777777778,33.3333333333333,100,-2,1,4,0,2,2,1,0,0,0.5,1,,
Quinnipiac,Darris Nichols,Big South,NO,,26.73808463,-2.246576626925,-24.112115876263,2.00882224687256,14.0149541245065,,,,,,,,,,,,,,,,,,,,,,,,42.8571428571429,33.3333333333333,0,-7,2,8,0,4,2,0,0,0,0,1,,
Harvard,Tommy Amaker,Ivy,NO,,17.7474701056402,-4.5689568493776,-12.4633146753136,31.2185197571064,18.1172636060656,,,,,,,,,,,,,,,,,,,,,,,,45.4545454545455,20,100,-1,2,11,0,5,1,1,0,0,0,1,,
Georgia Southern,Charlie Henry,Sun Belt,NO,,31.4874976426,2.89269349767844,-13.459006898278,34.112277224646,19.1925579382169,,,,,,,,,,,,,,,,,,,,,,,,41.6666666666667,42.8571428571429,57.1428571428571,-7,3,6,1,0.5,4.5,2.5,0,0,0.333333333333333,1,,
Winthrop,Greg Gard,Big Ten,NO,,88.5355808954,-9.38487484524057,-18.1846678209486,21.7119811690514,16.9745425114809,,,,,,,,,,,,,,,,,,,,,,,,48.5714285714286,23.0769230769231,81.4814814814815,7.25,6,4,2.25,1.5,1,3.75,0,0,2.25,1,,
Fairleigh Dickinson,Jack Castleberry,NEC,NO,,17.413549151,22.331615510335,-11.701966321984,27.02002805941,18.183393461003,,,,,,,,,,,,,,,,,,,,,,,,100,100,100,8,3,0,0,0,3,3,0,0,0.333333333333333,1,,
New Hampshire,Nathan Davis,American East,NO,,17.8903405336222,-0.852655849257224,-25.4176841897098,12.6375205234862,13.5545432850317,,,,,,,,,,,,,,,,,,,,,,,,38.4615384615385,33.3333333333333,50,0,2.5,6,0.5,2.5,0.5,2,0,0,0,1,,
Boston University,Joe Jones,Patriot,NO,,14.9941564373809,3.37658278734181,-25.2993959737542,75.8791636439934,43.8620558302215,,,,,,,,,,,,,,,,,,,,,,,,36.3636363636364,33.3333333333333,50,-5,6,7,2,1,1,1,0,0,0,1,,
Alabama A&M,Otis Hughley Jr.,SWAC,NO,,24.4450229187333,-3.316060199578,-3.316060199578,-3.316060199578,–,,,,,,,,,,,,,,,,,,,,,,,,0,0,0,0,0,0,0,0,0,0,0,0,0,1,,
La Salle,Fran Dunphy,A10,NO,,61.1503432420831,32.0318398802748,5.52336352278617,39.2056102547268,15.4835896660113,,,,,,,,,,,,,,,,,,,,,,,,30,0,0,0,5,9,1,3,0,2,0,0,0,1,,
Chattanooga,Dan Earl,Southern,NO,,18.857688588,-3.66538277412,-5.37635593053533,37.97925122588,18.7511888857011,,,,,,,,,,,,,,,,,,,,,,,,40,0,54.5454545454545,0,7.5,7,3,2.5,0.5,0.5,0,0,0,1,,
Portland,Jase Coburn,Big Sky,NO,,34.7474995118,34.292831273599,-85.3145552072003,63.4942698780737,78.8487130951819,,,,,,,,,,,,,,,,,,,,,,,,23.5294117647059,25,45.4545454545455,-12,3.5,11.5,0.5,3.5,2.5,1,0,1,0.4,1,,
Eastern Illinois,Marty Simmons,Ohio Valley,NO,,12.5663573573429,-3.59224566224857,-23.2994942198286,68.7444261004379,48.4648549558276,,,,,,,,,,,,,,,,,,,,,,,,27.2727272727273,0,0,-10,5,10,2,3,2,1,0,1,0.5,1,,
Loyola Marymount,Stan Johnson,WCC,NO,,16.8198923336,6.371261442137,-1.892591525226,14.6351144095,11.6868529439019,,,,,,,,,,,,,,,,,,,,,,,,41.6666666666667,33.3333333333333,100,7,9,5,5,3,1,2,0,0,2,1,,
Drexel,Zach Spiker,CAA,NO,,20.0334439510667,18.4157864808196,11.4337099825927,87.3073148030267,41.9356570141368,,,,,,,,,,,,,,,,,,,,,,,,27.7777777777778,22.2222222222222,0,-1,6,5.5,2.5,1,1,1,0,0,0,1,,
Jacksonville,Jordan Mincy,ASUN,NO,,19.5291041662,8.24978158493489,5.433773189356,33.084409645292,15.216473258712,,,,,,,,,,,,,,,,,,,,,,,,60,50,0,3,7,3,3,2,1,0,0,0,0,1,,
UMass Lowell,Jim Ferry,American East,NO,,-3.44625451813684,-30.5604195933554,-52.7946305098167,-8.326208676894,31.4439226267236,,,,,,,,,,,,,,,,,,,,,,,,50,0,90,-2,1,6,0,2,1,2,0,0,0,1,,
Oral Roberts,Dana Altman,Big Ten,NO,,252.72715908243,8.076401803101,6.974411721742,9.17839188446,1.55844931865853,,,,,,,,,,,,,,,,,,,,,,,,0,0,0,0,0,0,0,0,0,0,0,0,0,1,,
South Dakota,Eric Henderson,Summit,NO,,80.3547670982667,10.5267990213333,-18.21481654798,36.81071845202,27.5219136574514,,,,,,,,,,,,,,,,,,,,,,,,66.6666666666667,0,87.5,-6,3,6,0,3,4,1,0,0,0,1,,
Coastal Carolina,Justin Gray,Sun Belt,NO,,22.7765265156,26.276271215737,-15.9927162472798,54.50312970084,32.3009591976282,,,,,,,,,,,,,,,,,,,,,,,,41.6666666666667,40,66.6666666666667,3.5,6,6,0.5,2,2,0.5,0,0,0.25,1,,
Le Moyne,Nathan Champion,NEC,NO,,14.9428227928,22.8451466689849,-27.479228041984,85.159951958016,46.115723783909,,,,,,,,,,,,,,,,,,,,,,,,57.1428571428571,60,100,1,3,4,2,3,5,1,0,0,0.2,1,,
Illinois St.,Ryan Pedon,Missouri Valley,NO,,25.7712666171333,19.442236547542,-33.863686093234,55.525538906766,44.9702858263695,,,,,,,,,,,,,,,,,,,,,,,,36.3636363636364,20,95.4545454545455,6,5.5,7.5,0,3,1.5,2.5,0,0,0.333333333333333,1,,
Green Bay,Doug Gottlieb,Horizon,NO,,21.742707798,17.2798976771619,-7.44001817202,60.55353382798,28.3179979957628,,,,,,,,,,,,,,,,,,,,,,,,0,0,0,0,0,0,0,0,0,0,0,0,0,1,,
Alcorn St.,Landon Bussie,SWAC,NO,,13.559663093,-7.449178743318,-44.077326743318,10.935688365564,28.006119557135,,,,,,,,,,,,,,,,,,,,,,,,0,0,0,0,0,0,0,0,0,0,0,0,0,1,,
Pepperdine,Jeff Capel III,ACC,NO,,69.8640580829616,-5.682591772218,-6.107390717926,26.406017790088,18.6502057656003,,,,,,,,,,,,,,,,,,,,,,,,0,0,0,0,0,0,0,0,0,0,0,0,0,1,,
Army,Kevin Kuwik,Patriot,NO,,18.2424069626,19.487444229626,17.03355393529,27.57514685191,5.51600236437689,,,,,,,,,,,,,,,,,,,,,,,,61.9047619047619,75,58.8235294117647,4.5,5,6,1,1.5,1,2.5,0,1,0.5,1,,
Idaho,Alex Pribble,Big Sky,NO,,14.1302300106,-5.872029804484,-9.844745744462,20.977017891338,16.7662108009602,,,,,,,,,,,,,,,,,,,,,,,,20,0,75,-7,3,9,1,5,3,1,0,0,0,1,,
Boston College,Earl Grant,ACC,NO,,23.649367011026,0.14554789307826,-18.5008040559461,22.2361267210859,20.3927178305394,,,,,,,,,,,,,,,,,,,,,,,,20,0,66.6666666666667,2,8,8,3,3,0,3,0,0,0,1,,
Fresno St.,Vance Walberg,Mountain West,NO,,12.4819964916667,4.831285017474,-18.9166771435313,41.8298896294133,30.6131992903142,,,,,,,,,,,,,,,,,,,,,,,,71.4285714285714,60,53.8461538461538,6.5,6,4,1,1.5,1,1.5,0,0,1,1,,
SIU Edwardsville,Andy Enfield,ACC,NO,,59.7372877409417,56.8249920457513,20.7806614464133,99.4143011804087,31.5268864568184,,,,,,,,,,,,,,,,,,,,,,,,55.5555555555556,50,66.6666666666667,5,8,3,4,1,2,0,0,0,0,1,,
American,Duane Simpkins,Patriot,NO,,14.8053533724,-8.54569542,-69.1160967424949,36.807786362216,43.6719330168168,,,,,,,,,,,,,,,,,,,,,,,,42.8571428571429,50,75,-3,2,5,0,0,1,1,0,0,0,1,,
UC San Diego,Joe Pasternack,Big West,NO,,88.6141005102667,9.560707232924,-37.1991422648649,34.622701688792,33.0493746349502,,,,,,,,,,,,,,,,,,,,,,,,28.5714285714286,50,100,-1,4,4,1,0,2,1,0,0,0,1,,
Binghamton,Levell Sanders,American East,NO,,14.6080601604,-4.037561911022,-19.837743772552,24.738016071832,22.6004351020393,,,,,,,,,,,,,,,,,,,,,,,,0,0,0,0,0,0,0,0,0,0,0,0,0,1,,
Lindenwood,Kyle Gerdeman,Ohio Valley,NO,,11.832419607,2.9313932455,-3.020384150756,8.925020053628,5.09331674926896,,,,,,,,,,,,,,,,,,,,,,,,50,20,93.75,1,3,3.5,0,0,1.5,2.5,0,0,1,1,,
Lafayette,Mike McGarvey,Patriot,NO,,11.061756595,24.028205023313,3.396522405402,39.161515611908,14.9303816564875,,,,,,,,,,,,,,,,,,,,,,,,46.6666666666667,66.6666666666667,66.6666666666667,-0.5,5.5,2.5,3,0.5,1.5,0.5,0,0,0.333333333333333,1,,
Brown,Mike Martin,Ivy,NO,,12.9526479199333,-11.7100389042027,-26.4731768720793,31.0449208527153,24.8782790447636,,,,,,,,,,,,,,,,,,,,,,,,32.258064516129,25,77.7777777777778,-3.66666666666667,5.66666666666667,6,3,2,2.66666666666667,2.33333333333333,0,1,0.625,1,,
Georgia St.,Jonas Hayes,Sun Belt,NO,,11.3874923286,4.855886474724,1.62704957429,12.0609829768693,5.3417501748692,,,,,,,,,,,,,,,,,,,,,,,,0,0,50,-14,7,7,5,2,1,0,0,0,0,1,,
East Texas A&M,Jaret von Rosenberg,Southland,NO,,11.3800902914,25.976180090152,17.209855708758,46.343603708758,12.633793800558,,,,,,,,,,,,,,,,,,,,,,,,62.5,50,75,3.5,4,4,1.5,2,1.5,3,0,0,2,1,,
Southeastern Louisiana,Kevin Johnson,SWAC,NO,,22.2984302646,35.342851377174,34.137378377174,36.548324377174,1.70479626567458,,,,,,,,,,,,,,,,,,,,,,,,0,0,0,0,0,0,0,0,0,0,0,0,0,1,,
Utah Tech,Todd Phillips,WAC,NO,,30.9867078606,0.092141105944,-12.938372413828,2.56884262571601,8.33068675930204,,,,,,,,,,,,,,,,,,,,,,,,0,0,0,0,0,0,0,0,0,0,0,0,0,1,,
Kennesaw St.,Antoine Pettway,CUSA,NO,,24.3439129326,35.2492992734742,21.835683071784,48.6629154751644,18.9697179528978,,,,,,,,,,,,,,,,,,,,,,,,30,66.6666666666667,100,2,8,4,4,1,1,0,0,0,0,1,,
NJIT,Robert Jones,MEAC,NO,,62.8273009869333,-13.325147230489,-20.410939703812,23.653167345,20.0138572897937,,,,,,,,,,,,,,,,,,,,,,,,33.3333333333333,0,100,-3,2,6,0,3,1,1,0,0,1,1,,
Monmouth,King Rice,CAA,NO,,12.3319425508571,1.1140317022206,-17.4686464777794,49.6956341244126,30.9304919906218,,,,,,,,,,,,,,,,,,,,,,,,0,0,0,0,0,0,0,0,0,0,0,0,0,1,,
South Carolina St.,Eric Peterson,Summit,NO,,26.4533278593333,7.37921659551524,-7.33059097386533,13.1243366335787,9.92146235609017,,,,,,,,,,,,,,,,,,,,,,,,40,33.3333333333333,100,-3,3,7,2,3,0,1,0,0,0,1,,
Minnesota,Ben Johnson,Big Ten,NO,,30.2908844168,-2.50444376971678,-20.35911744453,22.293398739192,17.6243954879437,,,,,,,,,,,,,,,,,,,,,,,,26.0869565217391,10,86.6666666666667,0.333333333333333,7,4.33333333333333,3.66666666666667,2,1.66666666666667,1.66666666666667,0,0,0.399999999999999,1,,
Niagara,Tevon Saddler,Southland,NO,,24.5480429162,-6.95550385144633,-9.62222462705133,-4.28878307584133,3.77131268792269,,,,,,,,,,,,,,,,,,,,,,,,40,37.5,50,-6,4,10,1,1,2,3,0,1,0.5,1,,
Incarnate Word,Shane Heirman,Southland,NO,,25.3286759246,19.596043327242,4.72386081964,33.4161382621398,14.3493531874343,,,,,,,,,,,,,,,,,,,,,,,,62.5,33.3333333333333,83.3333333333333,1,5,4,2,3,0,0,0,0,0,1,,
Albany,Dwayne Killings,American East,NO,,21.9270711725333,23.8091933828982,-10.455662053866,74.813949941066,42.9077930750475,,,,,,,,,,,,,,,,,,,,,,,,44.4444444444444,20,72.7272727272727,-1,6,4.5,1.5,1.5,1.5,2,0,0,1.33333333333333,1,,
Little Rock,Darrell Walker,Ohio Valley,NO,,13.9017727504857,6.64697217629486,-12.6461486831571,117.093841110245,70.0038098027561,,,,,,,,,,,,,,,,,,,,,,,,0,0,0,0,0,0,0,0,0,0,0,0,0,1,,
Stonehill,Geno Ford,CAA,NO,,20.4622714354667,8.52327977249869,-13.7010971486433,95.9995086192416,48.6043053207244,,,,,,,,,,,,,,,,,,,,,,,,57.1428571428571,50,0,-6,2,4,0,0,1,1,0,0,1,1,,
Southern Miss,Rob Jeter,WAC,NO,,16.3121296335333,15.3047663595735,12.6983663595735,17.9111663595735,3.68600622896924,,,,,,,,,,,,,,,,,,,,,,,,0,0,0,0,0,0,0,0,0,0,0,0,0,1,,
Manhattan,John Gallagher,MAAC,NO,,13.869743138178,8.93657956192978,-20.1204114879562,41.54255385349,30.8484996476745,,,,,,,,,,,,,,,,,,,,,,,,45.4545454545455,50,81.25,-8,3,4,0,0.5,3,2,0,0,0.166666666666667,1,,
Fairfield,Chris Casey,MAAC,NO,,12.413598586,21.0470823199927,-51.787538814688,26.52293689344,43.7176501823068,,,,,,,,,,,,,,,,,,,,,,,,25,100,0,-2,6,2,1,0,3,0,0,0,0,1,,
Maine,Chris Markwood,American East,NO,,13.718954941,23.845029856968,19.8156901096833,28.085340590392,4.13527373112762,,,,,,,,,,,,,,,,,,,,,,,,56.25,25,100,7.5,5.5,1.5,2,0,2,3.5,0,0,1.5,1,,
North Dakota,David Richman,Summit,NO,,32.4858082528727,25.578817313285,5.10189834631,46.05573628026,28.9587365187109,,,,,,,,,,,,,,,,,,,,,,,,40,33.3333333333333,87.5,4,8,6,2,3,1,1,0,0,0,1,,
Georgia Tech,Damon Stoudamire,ACC,NO,,12.7209783216,-4.01806442603067,-69.342016367218,7.64498562626778,35.1559004733341,,,,,,,,,,,,,,,,,,,,,,,,0,0,0,0,0,0,0,0,0,0,0,0,0,1,,
Bellarmine,Scott Davenport,ASUN,NO,,23.1638738616,-14.8771293958937,-30.121626888828,31.160125980852,29.0254562020353,,,,,,,,,,,,,,,,,,,,,,,,35.2941176470588,20,100,0,3.5,5,1.5,1.5,1,2,0,0,0.5,1,,
North Alabama,Hubert Davis,ACC,NO,,69.4415833437111,25.857330678042,12.9465872785818,97.498336034298,45.5487269511666,,,,,,,,,,,,,,,,,,,,,,,,53.3333333333333,0,69.2307692307692,9,14,7,4,4,2,4,0,1,1,1,,
Western Michigan,Paul Mills,American,NO,,51.0192809147429,7.3829474123,-32.0226889284004,28.715123720428,25.3750874312242,,,,,,,,,,,,,,,,,,,,,,,,33.3333333333333,33.3333333333333,40,-4,5,5,2,0,0,3,0,0,0,1,,
Tennessee St.,John Pelphrey,Ohio Valley,NO,,-1.02807002372555,7.73558076926575,2.27380631334143,72.1110943012634,33.3825975548056,,,,,,,,,,,,,,,,,,,,,,,,48.5714285714286,41.1764705882353,66.6666666666667,-4,6.5,7.5,3.5,1.5,3.5,4.5,0,2,1,1,,
Charleston Southern,Saah Nimley,Big South,NO,,7.5594050428,-5.86924632598867,-20.545993268774,0.419862956316,8.92262182084517,,,,,,,,,,,,,,,,,,,,,,,,50,25,66.6666666666667,2,5,5,2,1,3,3,0,0,0.333333333333333,1,,
Cornell,Jon Jaques,Ivy,NO,,48.746462618,3.12415608337177,-4.91475314382,18.50309614618,11.8991002768251,,,,,,,,,,,,,,,,,,,,,,,,54.5454545454545,60,75,2,4.5,5,2,3.5,2,1.5,0,0,0,1,,
VMI,Donald Copeland,NEC,NO,,41.9691832500667,53.420093357998,29.3592575078511,54.0464811736113,14.0758374281754,,,,,,,,,,,,,,,,,,,,,,,,50,57.1428571428571,87.5,-3.5,5.5,3.5,2,1.5,1.5,0.5,0,0,0.333333333333333,1,,
The Citadel,Tod Kowalczyk,MAC,NO,,75.8048340634348,36.4081354748257,-25.129058456696,73.9061160841637,50.0014842831066,,,,,,,,,,,,,,,,,,,,,,,,30,0,0,-3,7,4,4,1,3,0,0,0,0,1,,
Southern Indiana,Jay Ladner,Sun Belt,NO,,13.6100602541455,14.1962021801384,7.859592469464,55.402378469464,21.9388920607777,,,,,,,,,,,,,,,,,,,,,,,,35,14.2857142857143,60,-3,6.5,8.5,1.5,3,2,2.5,0,1,0.25,1,,
Siena,Brian Barone,Ohio Valley,NO,,27.7810745408,25.8945349275,4.54015512583333,61.1786937725,24.831578190499,,,,,,,,,,,,,,,,,,,,,,,,42.1052631578947,61.5384615384615,68.75,1.75,6.5,6.5,2.5,2.25,2.5,2.75,0,2,0.5,1,,
Buffalo,George Halcovage III,MAC,NO,,13.3110009108,46.8183752945,-7.37856165610555,47.893398624566,31.6055196741968,,,,,,,,,,,,,,,,,,,,,,,,42.8571428571429,33.3333333333333,0,-3,3,6,1,3,2,3,0,0,0,1,,
Florida Gulf Coast,Pat Chambers,ASUN,NO,,8.46100699058322,13.2624190089238,-5.02648190272017,52.8799234605678,25.9764690261705,,,,,,,,,,,,,,,,,,,,,,,,27.7777777777778,20,75,-4,4,5.5,1.5,0.5,1,0.5,0,0,0,1,,
Saint Francis,Billy Lange,A10,NO,,28.8278483763385,33.5252506016937,8.24273694651862,48.2702482476146,18.3694093534109,,,,,,,,,,,,,,,,,,,,,,,,23.0769230769231,37.5,80,-3.5,5,7.5,2,3.5,2.5,1.5,0,0,0.6,1,,
Florida Atlantic,John Jakus,American,NO,,41.79755391,16.6156235031,-1.47096077081933,96.0247414031,45.1727255531967,,,,,,,,,,,,,,,,,,,,,,,,55,35.2941176470588,74.0740740740741,3.66666666666667,7.66666666666667,8.66666666666667,2,3,1.66666666666667,3,0,2,0.599999999999999,1,,
Detroit Mercy,Mark Montgomery,Horizon,NO,,14.5266207769333,12.6453466565593,1.43927968093511,26.8145898353493,12.716457543636,,,,,,,,,,,,,,,,,,,,,,,,60,66.6666666666667,100,6,10,4,1,1,3,2,0,1,0.333333333333333,1,,
Louisiana Monroe,Keith Richard,Sun Belt,NO,,0.794267064466665,-2.56806747990333,-10.0461584886933,12.8927921377907,11.6986856889856,,,,,,,,,,,,,,,,,,,,,,,,0,0,0,0,0,0,0,0,0,0,0,0,0,1,,
Holy Cross,Dave Paulsen,Patriot,NO,,13.7081605947048,21.2167626946824,-11.3056690664136,66.9164307297737,30.9647005381783,,,,,,,,,,,,,,,,,,,,,,,,42.1052631578947,33.3333333333333,77.2727272727273,1,5,6,2,3.33333333333333,1,1,0,0,0.666666666666667,1,,
Alabama St.,Tony Madlock,SWAC,NO,,3.3012040926,21.773573828357,6.115253210834,37.43189444588,22.1442093812873,,,,,,,,,,,,,,,,,,,,,,,,0,0,0,0,0,0,0,0,0,0,0,0,0,1,,
Nebraska Omaha,Chris Crutchfield,Summit,NO,,5.3485347188,31.7084799315027,10.224830532256,83.2765673469353,31.3323773624791,,,,,,,,,,,,,,,,,,,,,,,,36.6666666666667,28.5714285714286,53.3333333333333,-4.25,3.5,8.25,0.5,3,0.25,1.5,0,0,2,1,,
Northern Illinois,Ben Jacobson,Missouri Valley,NO,,41.8164549794433,23.8307187753987,2.822701991016,28.818277226062,13.7960286575076,,,,,,,,,,,,,,,,,,,,,,,,0,0,0,0,0,0,0,0,0,0,0,0,0,1,,
Pacific,Steve Donahue,Ivy,NO,,16.6395334420358,-1.12419748952,-15.5442836084089,47.34358280048,32.9442669554156,,,,,,,,,,,,,,,,,,,,,,,,50,33.3333333333333,50,3,7,4,2,1,3,2,0,0,0,1,,
Cal St. Fullerton,Dedrique Taylor,Big West,NO,,5.0576306852,4.265962971692,-23.208405055226,39.999384800162,26.6712653033166,,,,,,,,,,,,,,,,,,,,,,,,0,0,0,0,0,0,0,0,0,0,0,0,0,1,,
Valparaiso,Mark Byington,SEC,NO,,106.970042128487,-16.9297610142021,-24.0024007214202,-9.857121306984,10.0022229957263,,,,,,,,,,,,,,,,,,,,,,,,0,0,0,0,0,0,0,0,0,0,0,0,0,1,,
Duquesne,Dru Joyce III,A10,NO,,2.293190896,-13.73349873104,-37.68833509104,6.44030090896,22.091298785456,,,,,,,,,,,,,,,,,,,,,,,,42.8571428571429,66.6666666666667,100,-2,4,2,2,0,4,2,0,0,0.25,1,,
Arkansas Pine Bluff,Solomon Bozeman,SWAC,NO,,2.8694944966,2.49338967468034,-14.171599285788,42.3640369556047,24.9270464303251,,,,,,,,,,,,,,,,,,,,,,,,0,0,0,0,0,0,0,0,0,0,0,0,0,1,,
Gardner Webb,Jeremy Luther,Big South,NO,,24.46088019,32.7367378669,1.36123372470822,73.8127903019,29.7564291974912,,,,,,,,,,,,,,,,,,,,,,,,54.5454545454545,0,62.5,-3,4.5,3.5,0.5,1.5,3,0.5,0,0,0.166666666666667,1,,
Middle Tennessee,Nick McDevitt,CUSA,NO,,11.9796314354667,12.6731626125967,-65.3386530620153,120.344813258487,93.2357025701147,,,,,,,,,,,,,,,,,,,,,,,,0,0,0,0,0,0,0,0,0,0,0,0,0,1,,
Evansville,David Ragland,Missouri Valley,NO,,3.8175582718,-1.58239066025,-52.1807363743524,2.814317983608,30.5613580624777,,,,,,,,,,,,,,,,,,,,,,,,16.6666666666667,0,66.6666666666667,-10,4,4,2,0,3,1,0,0,0.333333333333333,1,,
Sacramento St.,Anthony Latina,MAAC,NO,,2.4089545738,3.27358786724,-22.6578387099518,26.20327235724,24.4459181659559,,,,,,,,,,,,,,,,,,,,,,,,21.0526315789474,18.1818181818182,0,-6.5,5,5,3,0.5,1.5,1,0,0,0.333333333333333,1,,
Loyola MD,Josh Loeffler,Patriot,NO,,26.518723774,13.86367673774,0.869601563820667,55.24448937774,28.3955573671556,,,,,,,,,,,,,,,,,,,,,,,,36.3636363636364,0,0,-7,5,7,0,4,1,1,0,0,1,1,,
Central Arkansas,John Shulman,ASUN,NO,,3.6635622398,21.892592997626,18.163830997626,28.4231353107313,5.19302374897971,,,,,,,,,,,,,,,,,,,,,,,,20,0,0,-12,3,5,0,1,5,1,0,0,0,1,,
Northern Arizona,Steve Smiley,Big Sky,NO,,38.7749617028,10.0116954158627,-19.9245642899133,39.9479551216387,42.3362644826316,,,,,,,,,,,,,,,,,,,,,,,,20,25,71.4285714285714,-3,4,7,1,2,2,3,0,0,0.5,1,,
Mercyhurst,Gary Manchel,NEC,NO,,40.2705982,26.5860592230556,-10.71310923,59.87151077,29.5638179910033,,,,,,,,,,,,,,,,,,,,,,,,50,33.3333333333333,100,-2,2,4,0,2,2,3,0,0,1,,,
Mount St. Mary's,Donny Lind,MAAC,NO,,47.750691476,5.34710270528511,-25.50441756524,39.4054215914267,32.4681192548862,,,,,,,,,,,,,,,,,,,,,,,,47.6190476190476,36.3636363636364,66.6666666666667,5,10,4.5,3.5,1.5,3.5,2.5,0,1,0.285714285714286,1,,
West Georgia,Darian DeVries,Big 12,NO,,96.0392033796,16.1699294233333,8.70832277,27.60061341,9.77143700779608,,,,,,,,,,,,,,,,,,,,,,,,41.6666666666667,50,50,5,13,2,7,0,3,2,0,0,0.666666666666667,,,
USC Upstate,K.T. Turner,WAC,NO,,25.0313107632,17.50859039718,4.30858159218,132.633003930544,60.7194363913111,,,,,,,,,,,,,,,,,,,,,,,,38.8888888888889,20,83.3333333333333,-3.5,4,4,2,0.5,1,1,0,0,0.5,1,,
Western Kentucky,Dwayne Stephens,MAC,NO,,7.341086287,-1.37959582582445,-22.37705502138,55.03199961862,40.03191046635,,,,,,,,,,,,,,,,,,,,,,,,47.6190476190476,11.1111111111111,62.5,-2.66666666666667,5,6,1,2,2.33333333333333,0.666666666666667,0,0,0,1,,
Jackson St.,Mo Williams,SWAC,NO,,-1.15623117,42.358709231176,-6.268756164966,70.890979243802,38.2353617680963,,,,,,,,,,,,,,,,,,,,,,,,0,0,0,0,0,0,0,0,0,0,0,0,0,1,,
Northwestern St.,Micah Shrewsberry,ACC,NO,,32.9309564752,57.925689827714,37.787117060202,78.064262595226,28.4802427346529,,,,,,,,,,,,,,,,,,,,,,,,46.6666666666667,33.3333333333333,60,4,9,8,3,2,1,1,0,1,1,1,,
Wright St.,Sundance Wicks,Mountain West,NO,,49.9137437366,11.6067956307273,-11.06431086202,72.49827777798,43.2135354719493,,,,,,,,,,,,,,,,,,,,,,,,71.4285714285714,0,50,-1,3,3,1,0,2,3,0,0,1.5,1,,
Youngstown St.,0,0,NO,,0,18.89912181048,-3.01493197952,41.71575632048,22.3668617962143,,,,,,,,,,,,,,,,,,,,,,,,47.6190476190476,33.3333333333333,87.5,-9,9,13,3,3,3,2,0,1,0.333333333333333,1,,
Eastern Michigan,Stan Heath,MAC,NO,,10.9698396728296,7.90748250797183,-2.6162622397557,28.633174192733,15.8998468371829,,,,,,,,,,,,,,,,,,,,,,,,26.6666666666667,16.6666666666667,66.6666666666667,-4,4,5.5,2,1.5,1.5,1.5,0,0,0.666666666666667,1,,
Morgan St.,Kevin Broadus,MEAC,NO,,11.4320195041714,0.738238077667714,-30.0885075580403,3.21645814371771,18.5546515353055,,,,,,,,,,,,,,,,,,,,,,,,60,50,0,2,4,2,2,0,3,2,0,0,0,1,,
IU Indy,Paul Corsaro,Horizon,NO,,24.962927048,24.3828262377022,-17.7857732950756,66.55142577048,59.6354053655341,,,,,,,,,,,,,,,,,,,,,,,,14.2857142857143,16.6666666666667,100,2,6,6,3,3,2,2,0,0,1,1,,
Lamar,Alvin Brooks,Southland,NO,,6.69928553404444,6.66179314643644,6.66179314643644,6.66179314643644,–,,,,,,,,,,,,,,,,,,,,,,,,0,0,0,0,0,0,0,0,0,0,0,0,0,1,,
Houston Christian,Craig Doty,Southland,NO,,16.5724423472667,30.78282230122,23.55255304622,38.01309155622,10.2251448400302,,,,,,,,,,,,,,,,,,,,,,,,0,0,0,0,0,0,0,0,0,0,0,0,0,1,,
Tennessee Martin,Brian Collins,Ohio Valley,NO,,10.2264570601429,51.7940347258407,-5.46613540024,58.09323489976,35.0195196964763,,,,,,,,,,,,,,,,,,,,,,,,11.1111111111111,0,40,-9.5,8.5,8,3.5,2,2,1,0,0,0,1,,
Indiana St.,Matthew Graves,Missouri Valley,NO,,3.6850880462,-25.5750001956182,-50.900394807346,59.126730915508,57.6219391960706,,,,,,,,,,,,,,,,,,,,,,,,50,20,60,-5,3,8,1,4,0,2,0,0,0,1,,
FIU,Jeremy Ballard,CUSA,NO,,-2.8944968466,5.472531436488,-3.973960864608,14.919023737584,13.359357529063,,,,,,,,,,,,,,,,,,,,,,,,52.9411764705882,16.6666666666667,91.6666666666667,0.5,4.5,3,2,1,1.5,2,0,0,1,1,,
Cal Poly,Mike DeGeorge,Big West,NO,,24.21804225,41.9133726736111,-15.1030070775,49.8370169225,35.4279983798747,,,,,,,,,,,,,,,,,,,,,,,,42.1052631578947,12.5,71.4285714285714,3,7.5,5.5,2,1.5,3,3,0,0,0.5,1,,
Delaware St.,Stan Waterman,MEAC,NO,,-1.4341408546,2.764767447013,-6.533613394254,12.06314828828,13.1498962938299,,,,,,,,,,,,,,,,,,,,,,,,0,0,0,0,0,0,0,0,0,0,0,0,0,1,,
South Dakota St.,Ben Fletcher,American,NO,,12.895685268,6.16762670316645,-2.31343694120933,70.862554545526,40.0251751175324,,,,,,,,,,,,,,,,,,,,,,,,80,50,75,-1,3,5,0,3,2,0,0,0,0,1,,
Radford,Archie Miller,A10,NO,,38.9066236345197,28.39546526815,-13.895234514384,53.879114533516,29.6247185595488,,,,,,,,,,,,,,,,,,,,,,,,100,100,75,10,4,4,0,2,1,3,0,0,2,1,,
McNeese St.,Will Wade,Southland,NO,,76.121312458697,37.174366384153,19.316525954815,55.032206813491,25.2548001298644,,,,,,,,,,,,,,,,,,,,,,,,50,33.3333333333333,0,-2,4,4,1,1,2,1,1,0,0,1,,
Sacred Heart,Rob Krimmel,NEC,NO,,2.00494010166154,9.592497067724,-20.609702005472,74.548272295624,34.9995607092226,,,,,,,,,,,,,,,,,,,,,,,,59.0909090909091,25,70,2,4.33333333333333,4,2,1.66666666666667,2.66666666666667,3.33333333333333,0,0,0.375,1,,
Idaho St.,Ryan Looney,Big Sky,NO,,4.0804231142,57.2378622921473,39.640325497946,87.030970497946,23.9554302518299,,,,,,,,,,,,,,,,,,,,,,,,31.25,0,69.2307692307692,1,7,5.5,2.5,1.5,2,2,0,0,1,1,,
Coppin St.,Larry Stewart,MEAC,NO,,0.6621123702,35.69462085119,-4.8335296555,105.2994323445,43.99202386217,,,,,,,,,,,,,,,,,,,,,,,,0,0,0,0,0,0,0,0,0,0,0,0,0,1,,
Lehigh,Brett Reed,Patriot,NO,,-0.389057343537258,9.48438244562451,-45.4062983955134,46.9039895914046,40.6225112424219,,,,,,,,,,,,,,,,,,,,,,,,70,62.5,50,11,5,6,0,2,0,2,0,0,0,1,,
Miami FL,Jim Larrañaga,ACC,NO,,75.4629968329066,-28.3409382746389,-32.1621192093649,17.4639557556527,27.614721488413,,,,,,,,,,,,,,,,,,,,,,,,0,0,0,0,0,0,0,0,0,0,0,0,0,1,,
Columbia,Jim Engles,Ivy,NO,,10.3490684421,2.230834016499,-10.569096966355,147.586758935723,67.2000555925847,,,,,,,,,,,,,,,,,,,,,,,,45.4545454545455,0,60.8695652173913,-2,6.5,5,3,0,1.5,0.5,0,0,0.333333333333333,1,,
LIU,Rod Strickland,NEC,NO,,3.334502555,23.007984539294,16.457932966488,95.16613748747,43.6743320334639,,,,,,,,,,,,,,,,,,,,,,,,28.5714285714286,0,80,11,11,1,4,0,1,2,0,0,1,1,,
Old Dominion,Russell Springmann,Summit,NO,,16.5340704368,-20.49702004226,-32.97926572226,-5.81777072226,12.6417456221634,,,,,,,,,,,,,,,,,,,,,,,,42.8571428571429,28.5714285714286,33.3333333333333,0,5,4,1.5,1,1.5,1,0,0,0,1,,
Campbell,Kevin McGeehan,CAA,NO,,20.1900923642,40.3913152584367,-25.7991034233213,98.255106054624,62.0736614834468,,,,,,,,,,,,,,,,,,,,,,,,35.2941176470588,0,60,-1.5,4,5.5,2.5,1.5,0.5,2,0,0,2,1,,
Dartmouth,David McLaughlin,Ivy,NO,,2.3822092018,-37.366331485996,-46.59333872611,-3.424024332936,22.733263377184,,,,,,,,,,,,,,,,,,,,,,,,25,33.3333333333333,62.5,-9,4,1,3,0,6,3,0,0,0.166666666666667,1,,
Hampton,Ivan Thomas,CAA,NO,,8.275142458,-0.41175946542,-9.10853037594511,70.76041802458,43.8181119164666,,,,,,,,,,,,,,,,,,,,,,,,16.6666666666667,25,50,-2,5,7,2,5,3,0,0,0,0,1,,
Central Michigan,Tony Barbee,MAC,NO,,-6.87183927326667,49.0723267922103,-24.1149082704953,111.182514289025,57.0869247701957,,,,,,,,,,,,,,,,,,,,,,,,26.3157894736842,27.2727272727273,53.8461538461538,-5.66666666666667,4.33333333333333,4.33333333333333,2.33333333333333,1,3,1.66666666666667,0,0,0.444444444444443,1,,
Troy,Ron Hunter,American,NO,,25.758118807955,1.44364124169666,-4.46833008191824,7.54349455325688,5.54839696725197,,,,,,,,,,,,,,,,,,,,,,,,0,0,0,0,0,0,0,0,0,0,0,0,0,1,,
Southern Utah,Mark Schmidt,A10,NO,,43.2418299174609,-8.56603147652967,-9.23112651498867,-7.90093643807067,0.940586423655773,,,,,,,,,,,,,,,,,,,,,,,,36.3636363636364,20,64.2857142857143,-3,5,4.5,2.5,1,2,0.5,0,0,0.25,1,,
Maryland Eastern Shore,Cleo Hill Jr,MEAC,NO,,5.28740646,26.1277358876,1.6466456226,88.8024396226,38.9943957150382,,,,,,,,,,,,,,,,,,,,,,,,52.6315789473684,66.6666666666667,69.2307692307692,2.5,5,3.5,3,1,0.5,1,0,0,0,1,,
New Orleans,Greg Paulus,MAAC,NO,,12.8230008656667,11.46882301838,-28.8137159765896,24.81830501838,20.70113165256,,,,,,,,,,,,,,,,,,,,,,,,66.6666666666667,0,80,4,5,2,0,0,4,2,0,0,0.5,1,,
Long Beach St.,Chris Acker,Big West,NO,,4.726597718,3.03091357718,-14.235753712234,45.37595408718,30.6724522490991,,,,,,,,,,,,,,,,,,,,,,,,36.3636363636364,25,60,3.5,7.5,3.5,4,0.5,0.5,2,0,0,2,1,,
UT Rio Grande Valley,Craig Smith,Big 12,NO,,55.4238986886416,43.54280424124,14.5384862979067,93.56598999124,34.4033766465024,,,,,,,,,,,,,,,,,,,,,,,,50,0,71.4285714285714,-2,5,5,1,2,3,3,0,0,0.666666666666667,1,,
Marshall,Cornelius Jackson,Sun Belt,NO,,40.859997324,10.61494898324,-20.40849150676,25.4689120970984,23.4087955031713,,,,,,,,,,,,,,,,,,,,,,,,0,0,0,0,0,0,0,0,0,0,0,0,0,1,,
Prairie View A&M,Quinton Ferrell,Big South,NO,,-15.413540847,6.967912435294,0.039858122052,13.895966748536,9.79774837064426,,,,,,,,,,,,,,,,,,,,,,,,33.3333333333333,75,100,-1,4,5,3,2,0,0,0,0,0,1,,
South Florida,Brad Korn,Ohio Valley,NO,,24.8833692468,-8.94314772702701,-16.35532464732,0.96828899268,8.06818903921482,,,,,,,,,,,,,,,,,,,,,,,,0,0,0,0,0,0,0,0,0,0,0,0,0,1,,
Morehead St.,Jonathan Mattox,Ohio Valley,NO,,1.420672078,5.51084383078,-6.17292163530067,30.30804747078,18.6291563181161,,,,,,,,,,,,,,,,,,,,,,,,0,0,0,0,0,0,0,0,0,0,0,0,0,1,,
Florida A&M,Patrick Crarey,SWAC,NO,,-3.945271378,25.77859264622,-6.93228135378,43.87438728622,25.7512997723471,,,,,,,,,,,,,,,,,,,,,,,,0,0,0,0,0,0,0,0,0,0,0,0,0,1,,
Canisius,Jim Christian,MAAC,NO,,-9.75158880324327,-14.6994832070738,-46.1552001138544,50.9162410346156,39.5718380573389,,,,,,,,,,,,,,,,,,,,,,,,0,0,0,0,0,0,0,0,0,0,0,0,0,1,,
North Carolina A&T,LeVelle Moton,MEAC,NO,,27.8876646121667,47.558028454068,36.18808531352,49.170117562858,7.07586978913577,,,,,,,,,,,,,,,,,,,,,,,,41.1764705882353,60,75,0.5,3.5,7,1,2.5,0,2,0,0,0,1,,
Cleveland St.,Daniyal Robinson,Horizon,NO,,43.4279688188667,27.4154642651225,-36.6872767545967,59.1730316095593,42.6647649777777,,,,,,,,,,,,,,,,,,,,,,,,100,0,85.7142857142857,6,5,2,0,1,1,1,0,0,1,1,,
Chicago St.,Scott Spinelli,NEC,NO,,0.194319726,-2.464288946624,-22.99449762124,58.12460785976,35.4298619414927,,,,,,,,,,,,,,,,,,,,,,,,0,0,0,0,0,0,0,0,0,0,0,0,0,1,,
Presbyterian,Mitch Henderson,Ivy,NO,,83.1149047506974,21.7311690323788,-3.97929580872133,70.966864084156,31.348976523113,,,,,,,,,,,,,,,,,,,,,,,,50,50,50,-3,4,7,1,1,1,0,0,0,0,1,,
Cal St. Bakersfield,Rod Barnes,Big West,NO,,0.333026931600268,14.1443012852167,10.4155088029107,53.5303635460664,23.888827560581,,,,,,,,,,,,,,,,,,,,,,,,87.5,75,33.3333333333333,8,3,3,0,1,0,1,0,0,0,1,,
Bethune Cookman,Reggie Theus,SWAC,NO,,-6.809589754,20.406443234823,0.27784555125,93.229212558396,41.2800189761856,,,,,,,,,,,,,,,,,,,,,,,,36.3636363636364,28.5714285714286,0,2,7,4,3,0,2,1,0,0,0,1,,
San Jose St.,Herb Sendek,WCC,NO,,40.1949534640904,-6.7264570457139,-27.1649913068099,7.3516937553821,16.1117676858178,,,,,,,,,,,,,,,,,,,,,,,,33.3333333333333,14.2857142857143,75,-3,5,4.5,1.5,0,0.5,1,0,0,2,1,,
Tennessee Tech,Rodney Terry,SEC,NO,,58.084164644537,-0.63424957605981,-27.2299443095753,103.214719161466,57.7623733824622,,,,,,,,,,,,,,,,,,,,,,,,55.5555555555556,42.8571428571429,42.8571428571429,0,2.66666666666667,7.33333333333333,0.333333333333333,3.33333333333333,2,1.66666666666667,0,0,0.5,1,,
Robert Morris,Steve Pikiell,Big Ten,NO,,43.3650976831078,16.3242011125969,5.24673440314492,20.7524357078407,6.694628975789,,,,,,,,,,,,,,,,,,,,,,,,30,0,50,-4,6,6,3,1,4,1,0,0,0,1,,
UMBC,Marvin Menzies,Summit,NO,,22.2613856797333,-7.00303207924537,-29.1863208483274,35.7331167781566,32.9975001616624,,,,,,,,,,,,,,,,,,,,,,,,22.2222222222222,0,77.7777777777778,1,6,7,3,1,0,2,0,0,0,1,,
North Florida,Ross Hodge,American,NO,,43.5549143652,82.9999808317099,29.7993526554537,127.243296563034,49.9124786450305,,,,,,,,,,,,,,,,,,,,,,,,55.5555555555556,33.3333333333333,55.5555555555556,6,6,4,4,1,0,2,0,0,0,1,,
Bryant,Phil Martelli Jr.,American East,NO,,56.6167968342,22.6804005731944,-20.624307363758,65.9851085101467,61.2421052790438,,,,,,,,,,,,,,,,,,,,,,,,21.4285714285714,0,100,-9,10,8,5,3,7,4,0,1,0.142857142857143,1,,
Elon,Billy Taylor,CAA,NO,,-25.5145125312857,46.7302430343218,14.3925835815365,79.0679024871071,45.7323565735315,,,,,,,,,,,,,,,,,,,,,,,,33.3333333333333,0,50,-1,3,5,1,1,0,2,0,0,0,1,,
Navy,Ed DeChellis,Patriot,NO,,-24.3082636174631,-5.2158002941275,-51.7333412311671,32.5963522844874,39.377060051044,,,,,,,,,,,,,,,,,,,,,,,,37.1428571428571,27.2727272727273,87.5,0,8,4,3.66666666666667,0.666666666666667,1,1.33333333333333,0,0,0,1,,
Marist,John Dunne,MAAC,NO,,-17.2007932495708,-2.1177738332198,-7.51289099016802,77.399452183896,47.5433180476926,,,,,,,,,,,,,,,,,,,,,,,,60,33.3333333333333,75,-1,6,4.5,1,0.5,2.5,1,0,1,0.2,1,,
Air Force,Joe Scott,Mountain West,NO,,-46.2778132021524,-23.8192979685818,-36.3017622001495,20.1154371733665,26.6389028610515,,,,,,,,,,,,,,,,,,,,,,,,33.3333333333333,22.2222222222222,62.5,-4.5,2,8.5,0.5,3,1,1.5,0,0,0,1,,
Mississippi Valley St.,George Ivory,SWAC,NO,,-69.3881531977333,20.5618090701611,-115.018297739108,60.5392700592327,92.0150552543935,,,,,,,,,,,,,,,,,,,,,,,,0,0,0,0,0,0,0,0,0,0,0,0,0,1,,