,,,SOS Median,SOS Min,SOS Max,SOS STDEV,SOS SUM
Abilene Christian,,,-13.6238340021547,-66.48424660752,39.2365786032107,74.7559124191454,-27.2476680043093
Air Force,,,-23.8192979685818,-36.3017622001495,20.1154371733665,26.6389028610515,-63.8249209639465
Akron,,,13.2880413858293,11.8242187611603,14.7518640104983,2.07015780871548,26.5760827716586
Alabama,,,-6.6682771442514,-19.0895707828814,101.136830312699,56.9617150654012,68.7107052413148
Alabama A&M,,,-3.316060199578,-3.316060199578,-3.316060199578,–,-3.316060199578
Alabama St.,,,21.773573828357,6.115253210834,37.43189444588,22.1442093812873,43.547147656714
Albany,,,23.8091933828982,-10.455662053866,74.813949941066,42.9077930750475,88.1674812700982
Alcorn St.,,,-7.449178743318,-44.077326743318,10.935688365564,28.006119557135,-40.590817121072
American,,,-8.54569542,-69.1160967424949,36.807786362216,43.6719330168168,-49.3997012202789
Appalachian St.,,,-42.4311858011183,-44.5596679222143,-40.3027036800223,3.01012828292262,-84.8623716022366
Arizona,,,-16.3315864920411,-21.2479345518131,93.7880401980729,65.0432909008445,56.2085191542187
Arizona St.,,,54.3377202902123,-23.38136543884,60.7051637002467,40.0353585095854,145.999238841831
Arkansas,,,6.49966929196075,0.82040589602263,10.5912489430546,4.90687325105341,17.911324131038
Arkansas Pine Bluff,,,2.49338967468034,-14.171599285788,42.3640369556047,24.9270464303251,33.1792170191774
Arkansas St.,,,6.71772066669834,1.64916680929,96.29865080929,45.7144083971984,111.383258951977
Army,,,19.487444229626,17.03355393529,27.57514685191,5.51600236437689,64.096145016826
Auburn,,,56.8031730163305,7.37573995105651,138.720118868271,66.3385295665105,202.899031835658
Austin Peay,,,30.8251802447127,9.81097289978067,81.3770185217913,36.7849247869727,122.013171666285
Ball St.,,,0.726187966605333,-31.7813703625033,49.2182296095513,40.7618176051528,18.1630472136533
Baylor,,,57.2599532985847,-71.8342695228423,129.200642754482,85.3612943891054,171.886279828809
Bellarmine,,,-14.8771293958937,-30.121626888828,31.160125980852,29.0254562020353,-28.7157596997633
Belmont,,,2.65554341670931,-9.75937141050536,15.0925877324626,12.4259812135887,7.98875973866655
Bethune Cookman,,,20.406443234823,0.27784555125,93.229212558396,41.2800189761856,134.319944579292
Binghamton,,,-4.037561911022,-19.837743772552,24.738016071832,22.6004351020393,0.862710388258
Boise St.,,,29.327288559409,-15.560339457203,110.984233732194,64.1564297214181,124.7511828344
Boston College,,,0.14554789307826,-18.5008040559461,22.2361267210859,20.3927178305394,3.88087055821806
Boston University,,,3.37658278734181,-25.2993959737542,75.8791636439934,43.8620558302215,57.3329332449228
Bowling Green,,,17.8912880212653,3.91474223786333,30.0290366091118,13.0679324003807,51.8350668682404
Bradley,,,-1.64462323795514,-6.75495940126114,17.6631974716522,11.0381422178419,7.61899159448078
Brown,,,-11.7100389042027,-26.4731768720793,31.0449208527153,24.8782790447636,-18.8483338277694
Bryant,,,22.6804005731944,-20.624307363758,65.9851085101467,61.2421052790438,45.3608011463887
Bucknell,,,17.617273345102,-23.9488103571876,55.578608743484,28.5366565591522,74.7909472919882
Buffalo,,,46.8183752945,-7.37856165610555,47.893398624566,31.6055196741968,87.3332122629605
Butler,,,-8.06666476620911,-32.2049996075151,35.9781552196995,29.2802037117642,-12.3601739202338
BYU,,,-11.41412485104,-32.2642110365956,32.3763392867378,30.1296408623019,-22.7161214519378
Cal Baptist,,,-17.3675573362584,-18.8615078895506,-5.4279984390179,6.34605695042501,-59.0246210010852
Cal Poly,,,41.9133726736111,-15.1030070775,49.8370169225,35.4279983798747,76.6473825186111
Cal St. Bakersfield,,,14.1443012852167,10.4155088029107,53.5303635460664,23.888827560581,78.0901736341938
Cal St. Fullerton,,,4.265962971692,-23.208405055226,39.999384800162,26.6712653033166,25.32290568832
Cal St. Northridge,,,10.4703345400533,-0.592332469946667,72.0855495300533,39.1596983552478,81.9635516001599
California,,,3.47479279166333,-26.4387292083367,7.340818794608,18.4879366920846,-15.6231176220654
Campbell,,,40.3913152584367,-25.7991034233213,98.255106054624,62.0736614834468,112.847317889739
Canisius,,,-14.6994832070738,-46.1552001138544,50.9162410346156,39.5718380573389,-22.3067907255514
Central Arkansas,,,21.892592997626,18.163830997626,28.4231353107313,5.19302374897971,68.4795593059833
Central Connecticut,,,69.6681618471,-13.3774973364847,113.162609540936,64.2919734984819,169.453274051551
Central Michigan,,,49.0723267922103,-24.1149082704953,111.182514289025,57.0869247701957,185.21225960295
Charleston,,,15.0978419998532,-17.3980009833737,27.9150296670603,21.2813991922441,40.712712683393
Charleston Southern,,,-5.86924632598867,-20.545993268774,0.419862956316,8.92262182084517,-31.8646229644353
Charlotte,,,-4.95312636446,-9.825808571742,35.241519477802,24.7332995635548,20.4625845416
Chattanooga,,,-3.66538277412,-5.37635593053533,37.97925122588,18.7511888857011,23.1518508982669
Chicago St.,,,-2.464288946624,-22.99449762124,58.12460785976,35.4298619414927,30.201532345272
Cincinnati,,,20.7607677702758,-9.59026132214415,34.2027900036778,22.4339930801387,45.3732964518095
Clemson,,,-12.5365645224575,-17.4396453241812,-2.91790994669552,6.97214911726139,-45.4306843157918
Cleveland St.,,,27.4154642651225,-36.6872767545967,59.1730316095593,42.6647649777777,77.3166833852075
Coastal Carolina,,,26.276271215737,-15.9927162472798,54.50312970084,32.3009591976282,91.0629558850342
Colgate,,,13.5342544154,-23.402849281358,50.471358112158,52.2369530027365,27.0685088308
Colorado,,,5.06680711756272,-27.8217321001096,31.6428891175627,26.1441812011587,13.9547712525785
Colorado St.,,,-7.04400907869469,-23.8959569502927,27.00282090747,23.9049603932533,-10.9811542002121
Columbia,,,2.230834016499,-10.569096966355,147.586758935723,67.2000555925847,140.165522280623
Connecticut,,,-17.881551167968,-23.0169310883484,-6.25146959070908,8.58983530739647,-47.1499518470255
Coppin St.,,,35.69462085119,-4.8335296555,105.2994323445,43.99202386217,233.364731222924
Cornell,,,3.12415608337177,-4.91475314382,18.50309614618,11.8991002768251,16.7124990857318
Creighton,,,-31.5842091821293,-48.268393658796,5.33372022140181,22.6989124556772,-106.103091801653
Dartmouth,,,-37.366331485996,-46.59333872611,-3.424024332936,22.733263377184,-87.383694545042
Davidson,,,2.48346823719956,0.459017170631112,4.507919303768,2.86300615470177,4.96693647439911
Dayton,,,4.9852057195547,-4.7374401127513,17.8737706512792,11.3424850319139,18.1215362580826
Delaware,,,-6.14683300889822,-41.7597090088982,53.3981283846178,48.0778767240497,5.49158636682138
Delaware St.,,,2.764767447013,-6.533613394254,12.06314828828,13.1498962938299,5.529534894026
Denver,,,24.9078929699298,3.579873405896,61.462313175006,29.2731016710954,89.9500795508318
DePaul,,,55.0224970800491,-18.5764172153389,86.4301455912591,44.5955432936149,177.898722536018
Detroit Mercy,,,12.6453466565593,1.43927968093511,26.8145898353493,12.716457543636,40.8992161728437
Drake,,,9.143438363,-13.360683782,31.647560508,31.8256347467597,18.286876726
Drexel,,,18.4157864808196,11.4337099825927,87.3073148030267,41.9356570141368,117.156811266439
Duke,,,6.57223449511402,-15.6761734878773,82.2988298241251,43.6282536776274,79.7671253264758
Duquesne,,,-13.73349873104,-37.68833509104,6.44030090896,22.091298785456,-44.98153291312
East Carolina,,,5.28513633361665,-6.943543210926,17.5138158781593,17.2939644618067,10.5702726672333
East Tennessee St.,,,-16.9242157121884,-46.079236906742,12.2308054823653,41.2314263846128,-33.8484314243767
East Texas A&M,,,25.976180090152,17.209855708758,46.343603708758,12.633793800558,115.50581959782
Eastern Illinois,,,-3.59224566224857,-23.2994942198286,68.7444261004379,48.4648549558276,41.8526862183607
Eastern Kentucky,,,78.9170656648632,52.7579048992583,105.076226430468,36.9946399350165,157.834131329726
Eastern Michigan,,,7.90748250797183,-2.6162622397557,28.633174192733,15.8998468371829,33.9243944609491
Eastern Washington,,,57.2936064412149,-31.8965995587851,61.5354047212149,52.761136459122,86.9324116036447
Elon,,,46.7302430343218,14.3925835815365,79.0679024871071,45.7323565735315,93.4604860686436
Evansville,,,-1.58239066025,-52.1807363743524,2.814317983608,30.5613580624777,-50.9488090509944
Fairfield,,,21.0470823199927,-51.787538814688,26.52293689344,43.7176501823068,-4.2175196012553
Fairleigh Dickinson,,,22.331615510335,-11.701966321984,27.02002805941,18.183393461003,59.981292758096
FIU,,,5.472531436488,-3.973960864608,14.919023737584,13.359357529063,10.945062872976
Florida,,,-8.54170054021069,-12.548298389686,30.589700018122,20.4086614041091,0.95800054801463
Florida A&M,,,25.77859264622,-6.93228135378,43.87438728622,25.7512997723471,62.72069857866
Florida Atlantic,,,16.6156235031,-1.47096077081933,96.0247414031,45.1727255531967,127.785027638481
Florida Gulf Coast,,,13.2624190089238,-5.02648190272017,52.8799234605678,25.9764690261705,74.3782795756953
Florida St.,,,3.55234382045415,-4.24516671543027,8.43024204160173,5.36640599843893,11.2897629670798
Fordham,,,-1.30187435993811,-9.01481068427267,68.710576242144,36.5275294322493,57.0920168379951
Fresno St.,,,4.831285017474,-18.9166771435313,41.8298896294133,30.6131992903142,27.744497503356
Furman,,,19.3597719149317,-1.86817010221429,28.8847653670097,15.743221094171,46.3763671797271
Gardner Webb,,,32.7367378669,1.36123372470822,73.8127903019,29.7564291974912,140.647499760408
George Mason,,,1.458172966862,-28.5946487463436,81.991769992592,41.4033481917071,59.7965198476984
George Washington,,,-8.11761712714667,-34.987352216232,55.0532721282193,46.2238357441445,11.9483027848406
Georgetown,,,-21.916389067003,-22.418221234697,-19.4272207029173,1.6017635515479,-63.7618310046173
Georgia,,,15.6116049352337,-35.9009981986703,30.1156018462686,30.6343014487802,25.4378135180657
Georgia Southern,,,2.89269349767844,-13.459006898278,34.112277224646,19.1925579382169,46.1252729113824
Georgia St.,,,4.855886474724,1.62704957429,12.0609829768693,5.3417501748692,18.5439190258833
Georgia Tech,,,-4.01806442603067,-69.342016367218,7.64498562626778,35.1559004733341,-69.7331595930116
Gonzaga,,,111.187809324549,-6.73695945358267,126.120839172901,72.7787069681131,230.571689043867
Grambling St.,,,74.1949731505729,32.3728251932097,116.017121107936,59.1454488488772,148.389946301146
Grand Canyon,,,-18.9606967294846,-23.2163326625816,-13.5340342245374,4.85293736103918,-55.7110636166036
Green Bay,,,17.2798976771619,-7.44001817202,60.55353382798,28.3179979957628,87.6733110102838
Hampton,,,-0.41175946542,-9.10853037594511,70.76041802458,43.8181119164666,61.2401281832149
Harvard,,,-4.5689568493776,-12.4633146753136,31.2185197571064,18.1172636060656,11.4221568669833
Hawaii,,,13.7845764207921,8.87601716528311,18.6931356763011,6.9417510708528,27.5691528415842
High Point,,,0.37770990909289,-24.799612469544,43.12848566,28.6422903450873,19.0842930086418
Hofstra,,,34.276046108394,25.31364899618,44.8634793154713,9.78616514460104,104.453174420045
Holy Cross,,,21.2167626946824,-11.3056690664136,66.9164307297737,30.9647005381783,108.880731160459
Houston,,,32.971273362273,-7.40361357003297,56.216552585241,32.1921316540106,81.784212377481
Houston Christian,,,30.78282230122,23.55255304622,38.01309155622,10.2251448400302,61.56564460244
Howard,,,17.635937714746,9.02894298568266,34.72595718276,13.0797914249936,61.3908378831887
Idaho,,,-5.872029804484,-9.844745744462,20.977017891338,16.7662108009602,5.260242342392
Idaho St.,,,57.2378622921473,39.640325497946,87.030970497946,23.9554302518299,183.909158288039
Illinois,,,12.7143550323733,-12.7400744916907,51.735887694862,32.4750101195955,51.7101682355446
Illinois Chicago,,,49.778629590492,35.870897171236,63.686362009748,19.6685038091678,99.557259180984
Illinois St.,,,19.442236547542,-33.863686093234,55.525538906766,44.9702858263695,41.104089361074
Incarnate Word,,,19.596043327242,4.72386081964,33.4161382621398,14.3493531874343,57.7360424090218
Indiana,,,-4.23708636631867,-9.32959722127267,28.10175040706,20.3012307341868,14.5350668194687
Indiana St.,,,-25.5750001956182,-50.900394807346,59.126730915508,57.6219391960706,-17.3486640874562
Iona,,,14.1176338630035,-19.2049644022287,43.7217724493453,26.7543275439665,52.7520757731235
Iowa,,,-3.6586212534228,-35.7882938897852,19.8678549043928,28.6614106567835,-23.237681492238
Iowa St.,,,-19.7561942675149,-23.1514719308558,-16.360916604174,4.80164771951913,-39.5123885350298
IU Indy,,,24.3828262377022,-17.7857732950756,66.55142577048,59.6354053655341,48.7656524754044
Jackson St.,,,42.358709231176,-6.268756164966,70.890979243802,38.2353617680963,149.339641541188
Jacksonville,,,8.24978158493489,5.433773189356,33.084409645292,15.216473258712,46.7679644195829
Jacksonville St.,,,8.28054390946903,-12.460985867563,62.0205993909003,38.4398039434225,57.8401574328063
James Madison,,,7.58953599025742,-23.7903990684186,14.0240179432254,20.2321238637153,-2.17684513493578
Kansas,,,-1.94485538475204,-18.1937389408556,22.872099988216,16.9469439133528,0.78865027785632
Kansas St.,,,-25.144165754504,-46.8924358537953,-15.950228868362,15.8899124232299,-87.9868304766613
Kennesaw St.,,,35.2492992734742,21.835683071784,48.6629154751644,18.9697179528978,70.4985985469484
Kent St.,,,18.7835379656131,7.16720872852413,30.3998672027021,16.4279703520824,37.5670759312262
Kentucky,,,59.2305311359602,11.1451849368642,71.6030589540102,31.9385725374205,141.978775026835
La Salle,,,32.0318398802748,5.52336352278617,39.2056102547268,15.4835896660113,108.792653538063
Lafayette,,,24.028205023313,3.396522405402,39.161515611908,14.9303816564875,90.614448063936
Lamar,,,6.66179314643644,6.66179314643644,6.66179314643644,–,6.66179314643644
Le Moyne,,,22.8451466689849,-27.479228041984,85.159951958016,46.115723783909,103.371017254002
Lehigh,,,9.48438244562451,-45.4062983955134,46.9039895914046,40.6225112424219,20.4664560871402
Liberty,,,14.8146413782923,-9.22376451187754,89.1799288816385,43.1944424769917,109.585447126346
Lindenwood,,,2.9313932455,-3.020384150756,8.925020053628,5.09331674926896,11.767422393872
Lipscomb,,,14.1761671328727,8.79294207810133,40.531926807188,13.9301060613905,102.043509340247
Little Rock,,,6.64697217629486,-12.6461486831571,117.093841110245,70.0038098027561,111.094664603383
LIU,,,23.007984539294,16.457932966488,95.16613748747,43.6743320334639,134.632054993252
Long Beach St.,,,3.03091357718,-14.235753712234,45.37595408718,30.6724522490991,34.171113952126
Longwood,,,15.1554977798276,-6.4127884401806,38.3572089907176,22.3899644318028,47.0999183303646
Louisiana,,,-13.4399512711748,-25.0341400300218,-1.84576251232778,16.3966589874751,-26.8799025423496
Louisiana Monroe,,,-2.56806747990333,-10.0461584886933,12.8927921377907,11.6986856889856,0.27856616919407
Louisiana Tech,,,39.4820155507797,34.8921262990553,44.071904802504,6.49108362957907,78.9640311015593
Louisville,,,-1.78143030844252,-12.2209429450899,8.65808232820487,14.763700355312,-3.56286061688503
Loyola Chicago,,,-7.89553558098867,-29.2679965809887,40.1476803348553,35.5515327527468,2.98414817287793
Loyola Marymount,,,6.371261442137,-1.892591525226,14.6351144095,11.6868529439019,12.742522884274
Loyola MD,,,13.86367673774,0.869601563820667,55.24448937774,28.3955573671556,69.9777676793007
LSU,,,28.8530920493225,-31.4644745897735,69.2320734273725,50.6762037596873,66.6206908869215
Maine,,,23.845029856968,19.8156901096833,28.085340590392,4.13527373112762,71.7460605570433
Manhattan,,,8.93657956192978,-20.1204114879562,41.54255385349,30.8484996476745,30.3587219274636
Marist,,,-2.1177738332198,-7.51289099016802,77.399452183896,47.5433180476926,67.7687873605082
Marquette,,,25.8084327325648,-30.9986654482572,42.8768927194368,33.3816850266099,63.4950927363092
Marshall,,,10.61494898324,-20.40849150676,25.4689120970984,23.4087955031713,15.6753695735784
Maryland,,,-3.88775824607533,-19.9213367460753,-0.05507872677086,8.91691505578523,-27.7519319649968
Maryland Eastern Shore,,,26.1277358876,1.6466456226,88.8024396226,38.9943957150382,142.7045570204
Massachusetts,,,14.1970905876983,-10.0739603488175,28.4243534276816,18.4420210325765,46.7445742542608
McNeese St.,,,37.174366384153,19.316525954815,55.032206813491,25.2548001298644,74.348732768306
Memphis,,,23.757934648594,4.15221173005533,29.5629790349104,13.3153420691265,57.4731254135597
Mercer,,,-7.35227415617471,-20.6201251420537,5.91557682970428,18.7635748077753,-14.7045483123494
Mercyhurst,,,26.5860592230556,-10.71310923,59.87151077,29.5638179910033,102.330519986111
Merrimack,,,3.54634977487867,-11.012811314984,71.725862140952,44.1703202829006,64.2594006008467
Miami FL,,,-28.3409382746389,-32.1621192093649,17.4639557556527,27.614721488413,-43.0391017283511
Miami OH,,,4.94911569439578,-32.329456682606,81.682016831344,58.1323865101347,54.3016758431338
Michigan,,,25.007884479974,-9.47069712804,91.961325823604,51.5751735778598,107.498513175538
Michigan St.,,,3.48337870072835,-27.0629917957359,18.1279049175137,22.1113070676185,-1.9683294767655
Middle Tennessee,,,12.6731626125967,-65.3386530620153,120.344813258487,93.2357025701147,67.6793228090684
Milwaukee,,,2.66409070761022,2.05274031909422,3.27544109612622,0.864580010801388,5.32818141522044
Minnesota,,,-2.50444376971678,-20.35911744453,22.293398739192,17.6243954879437,-3.07460624477156
Mississippi,,,-12.249314601948,-41.974732195948,43.611972605376,35.8011904029959,-22.861388794468
Mississippi St.,,,12.4799938425861,-15.146123276984,33.742969322354,21.1059417721627,43.5568337305422
Mississippi Valley St.,,,20.5618090701611,-115.018297739108,60.5392700592327,92.0150552543935,-33.9172186097142
Missouri,,,-9.76717632232669,-31.6977360351807,153.07094646319,85.8902825083368,101.838857783356
Missouri St.,,,35.4821072407911,26.3060411213391,44.6581733602431,12.9769171553613,70.9642144815822
Monmouth,,,1.1140317022206,-17.4686464777794,49.6956341244126,30.9304919906218,34.4550510510744
Montana,,,13.5814880915964,13.5814880915964,13.5814880915964,–,13.5814880915964
Montana St.,,,9.331020120604,-13.16519102613,41.392516273274,27.4182496319317,37.558345367748
Morehead St.,,,5.51084383078,-6.17292163530067,30.30804747078,18.6291563181161,29.6459696662593
Morgan St.,,,0.738238077667714,-30.0885075580403,3.21645814371771,18.5546515353055,-26.1338113366549
Mount St. Mary's,,,5.34710270528511,-25.50441756524,39.4054215914267,32.4681192548862,19.2481067314718
Murray St.,,,59.5653034296139,9.98154819521889,109.149058664009,70.1220191258694,119.130606859228
N.C. State,,,-6.9606016867883,-15.1786120874503,9.25868003825134,12.4350448401448,-12.8805337359873
Navy,,,-5.2158002941275,-51.7333412311671,32.5963522844874,39.377060051044,-29.5685895349347
Nebraska,,,-9.170775622198,-42.616895032602,13.463658309932,23.3254489509087,-47.494787967066
Nebraska Omaha,,,31.7084799315027,10.224830532256,83.2765673469353,31.3323773624791,156.918357742197
Nevada,,,22.9709839321067,21.0222416102253,58.0300832976378,17.8968506159086,124.994292772076
New Hampshire,,,-0.852655849257224,-25.4176841897098,12.6375205234862,13.5545432850317,-12.83058520068
New Haven,,,0,0,0,–,0
New Mexico,,,7.0274447521497,-15.3433369102745,76.1887821511567,39.7426358703651,74.9003347451816
New Mexico St.,,,11.4068615041982,0.487446561173773,22.3262764472227,15.4423847056046,22.8137230083965
New Orleans,,,11.46882301838,-28.8137159765896,24.81830501838,20.70113165256,23.8795597069304
Niagara,,,-6.95550385144633,-9.62222462705133,-4.28878307584133,3.77131268792269,-13.9110077028927
Nicholls St.,,,21.3256261421184,-22.195630089172,49.566174055484,29.9518380733321,70.0217962505487
NJIT,,,-13.325147230489,-20.410939703812,23.653167345,20.0138572897937,-23.40806681979
Norfolk St.,,,16.9167669425407,0.050372541079333,58.085577147518,29.8536183387941,75.052716631138
North Alabama,,,25.857330678042,12.9465872785818,97.498336034298,45.5487269511666,136.302253990922
North Carolina,,,29.7010033805831,-25.9135326194169,70.3160711469229,48.3092416713863,74.1035419080891
North Carolina A&T,,,47.558028454068,36.18808531352,49.170117562858,7.07586978913577,132.916231330446
North Carolina Central,,,22.7060102006232,-12.4034283424403,40.7786023450257,19.0612774740408,110.788802387193
North Dakota,,,25.578817313285,5.10189834631,46.05573628026,28.9587365187109,51.15763462657
North Dakota St.,,,-4.02653438626127,-28.4017055468093,94.4655415253827,65.0527970057016,62.0373015923121
North Florida,,,82.9999808317099,29.7993526554537,127.243296563034,49.9124786450305,323.042610881907
North Texas,,,24.158916237262,6.986259863016,41.331572611508,24.2858035464315,48.317832474524
Northeastern,,,52.4909336673003,15.3551170379857,62.7134997410592,20.9569376760108,183.050484113645
Northern Arizona,,,10.0116954158627,-19.9245642899133,39.9479551216387,42.3362644826316,20.0233908317254
Northern Colorado,,,44.8904932876558,32.5394377621916,57.24154881312,17.4670302337346,89.7809865753116
Northern Illinois,,,23.8307187753987,2.822701991016,28.818277226062,13.7960286575076,55.4716979924767
Northern Iowa,,,17.6080869960741,-35.7032852548393,47.7701376874884,42.2683176285651,29.6749394287232
Northern Kentucky,,,-1.78057079155277,-23.4704925601066,30.1845055330592,26.9909788359675,4.93344218139983
Northwestern,,,2.67462253688139,-22.2496939156375,107.80129392816,53.1987979910921,120.619350133852
Northwestern St.,,,57.925689827714,37.787117060202,78.064262595226,28.4802427346529,115.851379655428
Notre Dame,,,0.09247664142,-29.21166304648,76.132001067378,54.372219387458,47.012814662318
Oakland,,,50.5306515552721,-40.3754655176808,58.2531921840772,54.8500560241214,68.4083782216685
Ohio,,,-7.70435663428611,-13.1407335571971,1.20245368499489,5.94679524717733,-27.3469931407744
Ohio St.,,,45.86130883188,1.43698457989956,54.963043950946,28.6397195028615,102.261337362726
Oklahoma,,,-25.815747812873,-29.2664134250114,1.11531794249457,16.6344972711031,-53.9668432953898
Oklahoma St.,,,-16.896186489824,-25.74993990907,-7.230364055326,9.26275483452082,-49.87649045422
Old Dominion,,,-20.49702004226,-32.97926572226,-5.81777072226,12.6417456221634,-79.79107652904
Oral Roberts,,,8.076401803101,6.974411721742,9.17839188446,1.55844931865853,16.152803606202
Oregon,,,-5.00293995252415,-33.0018492133537,23.2000394338761,28.101006072089,-14.8047497320018
Oregon St.,,,35.9742402339389,-1.76546220542078,93.3881053186432,47.914574081958,127.596883347161
Pacific,,,-1.12419748952,-15.5442836084089,47.34358280048,32.9442669554156,30.6751017025511
Penn,,,-11.2812936381125,-36.3155730765813,-0.0587413999146252,15.3529815924885,-58.9369017527208
Penn St.,,,82.1859264961263,-15.8062382410131,142.231872023446,66.5808247140174,290.797486774686
Pepperdine,,,-5.682591772218,-6.107390717926,26.406017790088,18.6502057656003,14.616035299944
Pittsburgh,,,34.7110068312066,-0.512869987526384,62.4050997966516,32.460487579786,131.314243471538
Portland,,,34.292831273599,-85.3145552072003,63.4942698780737,78.8487130951819,12.4725459444724
Portland St.,,,25.16330024158,23.384395163772,26.942205319388,2.51575168721044,50.32660048316
Prairie View A&M,,,6.967912435294,0.039858122052,13.895966748536,9.79774837064426,13.935824870588
Presbyterian,,,21.7311690323788,-3.97929580872133,70.966864084156,31.348976523113,110.449906340192
Princeton,,,1.70658571926497,-16.9772590881023,6.24963595508697,9.85820995759641,-15.6018819752204
Providence,,,-15.0888797658228,-26.3496888126,-0.815841077006,10.8100726251525,-57.3432894212516
Purdue,,,-2.23115958243018,-13.3897866184575,28.7305560902638,18.1268218916119,10.8784503069459
Purdue Fort Wayne,,,18.9871354639678,15.013526702528,32.3269833786938,9.06915000661106,66.3276455451896
Queens,,,13.854319262496,13.6868901225867,28.6675362664693,8.6011548586214,56.208745651552
Quinnipiac,,,-2.246576626925,-24.112115876263,2.00882224687256,14.0149541245065,-24.3498702563154
Radford,,,28.39546526815,-13.895234514384,53.879114533516,29.6247185595488,96.774810555432
Rhode Island,,,22.8518232490886,-40.8320591643168,86.535705662494,90.0626102136114,45.7036464981772
Rice,,,7.66672288237721,-7.22218109703001,26.858928910856,18.0471457270223,34.9701935785804
Richmond,,,-15.8777384052538,-37.1892646645918,-13.6576782710758,12.9925964604034,-66.7246813409214
Rider,,,14.2751056402082,2.44567328932923,68.6952588190025,30.7534649178163,99.6911433887482
Robert Morris,,,16.3242011125969,5.24673440314492,20.7524357078407,6.694628975789,58.6475723361794
Rutgers,,,-16.5393144991049,-17.8645036667989,1.67789859126508,10.9203820531923,-32.7259195746387
Sacramento St.,,,3.27358786724,-22.6578387099518,26.20327235724,24.4459181659559,6.8190215145282
Sacred Heart,,,9.592497067724,-20.609702005472,74.548272295624,34.9995607092226,100.303593119032
Saint Francis,,,33.5252506016937,8.24273694651862,48.2702482476146,18.3694093534109,143.783388111125
Saint Joseph's,,,7.6217935010995,-52.1706527010766,47.9397952085581,46.3555886622413,11.0127295096805
Saint Louis,,,-2.209825379906,-6.335743760888,1.916093001076,5.83492973162919,-4.419650759812
Saint Mary's,,,-2.52041482991729,-14.2403435377026,23.2261016349,17.9498518084557,3.94492843736283
Saint Peter's,,,39.029275438906,30.576022199831,47.425742823461,8.37241625769974,156.060315901104
Sam Houston St.,,,7.204391705968,-13.493629326908,92.113260396472,55.9623969197543,85.824022775532
Samford,,,1.918937157114,-11.67976152063,6.52933811665333,9.46706318714441,-3.23148624686267
San Diego,,,-8.93066767446272,-16.3815468197594,37.3184090698753,25.1879267009947,3.07552690119046
San Diego St.,,,-9.4974272667541,-9.4974272667541,-9.4974272667541,–,-9.4974272667541
San Francisco,,,50.3533664083803,-25.3012178529547,59.1882666132313,39.7144402352308,134.593781577037
San Jose St.,,,-6.7264570457139,-27.1649913068099,7.3516937553821,16.1117676858178,-33.2662116428556
Santa Clara,,,-9.59977831855185,-68.2211696286773,18.9962152000289,36.9801072131988,-68.4245110657521
Seattle,,,-2.77654082904765,-24.53073636527,93.2729686836587,54.1477727847842,63.1891506602934
Seton Hall,,,-9.62113552037932,-25.5558643810873,22.50149409421,20.3403230721516,-22.2966413276359
Siena,,,25.8945349275,4.54015512583333,61.1786937725,24.831578190499,117.507918753333
SIU Edwardsville,,,56.8249920457513,20.7806614464133,99.4143011804087,31.5268864568184,260.134401383391
SMU,,,-5.27490295638058,-30.4725520629786,-3.56427028331369,15.0659849383484,-39.3117253026729
South Alabama,,,32.2061877690924,-32.4808606017564,53.0849698670336,39.3616922230624,85.0164848034619
South Carolina,,,14.1027435112921,-48.3816647308999,69.1622330461321,41.8710604961591,50.5861776749909
South Carolina St.,,,7.37921659551524,-7.33059097386533,13.1243366335787,9.92146235609017,20.5521788507438
South Dakota,,,10.5267990213333,-18.21481654798,36.81071845202,27.5219136574514,29.1227009253733
South Dakota St.,,,6.16762670316645,-2.31343694120933,70.862554545526,40.0251751175324,74.7167443074831
South Florida,,,-8.94314772702701,-16.35532464732,0.96828899268,8.06818903921482,-33.273331108694
Southeast Missouri St.,,,19.1335461197664,5.431036251052,77.924259539066,38.5127125845875,102.488841909884
Southeastern Louisiana,,,35.342851377174,34.137378377174,36.548324377174,1.70479626567458,70.685702754348
Southern,,,-5.58104876471,-11.928415152812,59.95865823529,39.7984371008398,42.449194317768
Southern Illinois,,,4.24033011823057,-4.19256236407543,19.5591878028426,12.0410873842524,19.6069555569977
Southern Indiana,,,14.1962021801384,7.859592469464,55.402378469464,21.9388920607777,91.6543752992047
Southern Miss,,,15.3047663595735,12.6983663595735,17.9111663595735,3.68600622896924,30.609532719147
Southern Utah,,,-8.56603147652967,-9.23112651498867,-7.90093643807067,0.940586423655773,-17.1320629530593
St. Bonaventure,,,8.33485005309026,-10.1406125874234,22.5290415802706,14.0221815344999,29.0581290990277
St. John's,,,8.0363493322545,-23.0965305698345,287.521950171249,146.713226386526,280.498118265924
St. Thomas,,,26.728408920748,23.533064263648,29.923753577848,4.51889975052723,53.456817841496
Stanford,,,0.84309910424519,-8.7191152691527,10.2232611920026,8.22172457005332,3.19034413134028
Stephen F. Austin,,,-1.23986215768167,-7.986429492442,5.50670517707867,9.54108702428137,-2.47972431536333
Stetson,,,-13.8016075304805,-17.4099838287225,40.4200532234846,32.3968158411889,9.2084618642816
Stonehill,,,8.52327977249869,-13.7010971486433,95.9995086192416,48.6043053207244,99.3449710155957
Stony Brook,,,-19.6023685449833,-36.1706072267413,39.1556354550167,39.5833559374619,-16.6173403167079
Syracuse,,,-8.869008397912,-34.5895104475,-3.604962406018,16.5795889737077,-47.06348125143
Tarleton St.,,,-39.4064346546159,-65.8106093381353,18.5663897299391,36.0285239176434,-126.057088917428
TCU,,,-1.95623902813581,-14.7879035467088,50.716248600263,30.5870127558179,32.0158669972826
Temple,,,1.184931051209,-15.199023765032,87.08551595951,47.2291526274194,74.256354296896
Tennessee,,,18.8203753585142,-18.1512812983319,113.018003221657,56.1493785384542,132.507472640354
Tennessee Martin,,,51.7940347258407,-5.46613540024,58.09323489976,35.0195196964763,104.421134225361
Tennessee St.,,,7.73558076926575,2.27380631334143,72.1110943012634,33.3825975548056,89.8560621531363
Tennessee Tech,,,-0.63424957605981,-27.2299443095753,103.214719161466,57.7623733824622,74.7162756997711
Texas,,,-8.75603316334188,-14.8507766180142,38.5888825678681,24.9438459529549,6.22603962317014
Texas A&M,,,-9.96723354963198,-21.698147897269,27.8967695177386,21.953307499764,-13.7358454787944
Texas A&M Corpus Chris,,,31.532012220742,14.266768246472,59.754250555968,22.9626306310858,105.553031023182
Texas Southern,,,9.07046494443465,2.01418825342245,71.7032382593584,32.6809798734184,91.8583564016501
Texas St.,,,36.549214889932,-0.681847716319331,49.03645861416,25.8650126070923,84.9038257877727
Texas Tech,,,-15.6674688326147,-16.633696855933,109.137765852971,72.3368751438416,76.8366001644233
The Citadel,,,36.4081354748257,-25.129058456696,73.9061160841637,50.0014842831066,85.1851931022934
Toledo,,,15.5408514602486,-5.691008534848,62.175955330974,28.6741435614166,87.5666497166232
Towson,,,10.6306473155896,-16.973006249966,21.12073811718,19.677131629984,14.7783791828036
Troy,,,1.44364124169666,-4.46833008191824,7.54349455325688,5.54839696725197,5.96244695473195
Tulane,,,16.2931262628843,13.5974650375316,20.1021237945636,3.26817067036087,49.9927150949795
Tulsa,,,-11.549203987716,-12.320572307638,-9.830788313104,1.27455782235574,-33.700564608458
UAB,,,-1.4642553246677,-35.0823133558777,16.1328019774557,23.8402024996273,-21.8780220277574
UC Davis,,,20.6175007514069,10.3077192309426,44.9491397514069,17.787393790274,75.8743597337564
UC Irvine,,,60.0291831986364,-11.830932208889,113.897985315175,63.078634430403,162.096236304922
UC Riverside,,,35.623275807094,24.562023938326,88.591746294468,34.2242981512667,148.777046039888
UC San Diego,,,9.560707232924,-37.1991422648649,34.622701688792,33.0493746349502,16.5449738897751
UC Santa Barbara,,,3.12990429619867,-5.37311710446333,169.482965574395,98.5903071802389,167.23975276613
UCF,,,2.43715136975731,-0.349497106178689,37.7964968390618,21.2648598075808,39.8841511026404
UCLA,,,23.5009316315449,-7.04800879982188,41.6001837800792,22.5342430573158,81.5540382433471
UMass Lowell,,,-30.5604195933554,-52.7946305098167,-8.326208676894,31.4439226267236,-61.1208391867107
UMBC,,,-7.00303207924537,-29.1863208483274,35.7331167781566,32.9975001616624,-0.45623614941617
UMKC,,,26.8198547396519,23.5465826862493,30.0931267930544,4.62910573125872,53.6397094793037
UNC Asheville,,,-12.2336301395965,-44.5717266442085,20.1044663650155,45.7329746581523,-24.467260279193
UNC Greensboro,,,11.0657431092892,5.64568561807921,16.4858006004992,7.66511881291107,22.1314862185784
UNC Wilmington,,,0.955745629005,-5.29860499234,7.21009625035,8.84498747254269,1.91149125801
UNLV,,,-3.201349140404,-15.7370604565378,-0.99806874424,7.95022409957469,-19.9364783411818
USC,,,-13.833647111106,-31.625461449704,24.856146550296,28.8779640132018,-20.602962010514
USC Upstate,,,17.50859039718,4.30858159218,132.633003930544,60.7194363913111,171.958766317084
UT Arlington,,,26.237454908555,-18.130882044516,70.605791861626,62.7463038589724,52.47490981711
UT Rio Grande Valley,,,43.54280424124,14.5384862979067,93.56598999124,34.4033766465024,195.190084771627
Utah,,,17.6737018349114,1.56314824313605,48.3742612431361,19.8993568137059,85.284813156095
Utah St.,,,62.078799044937,49.099178106478,75.058419983396,18.3559559656305,124.157598089874
Utah Tech,,,0.092141105944,-12.938372413828,2.56884262571601,8.33068675930204,-10.277388682168
Utah Valley,,,44.643361716574,-15.256650376852,104.54337381,84.7114094888355,89.286723433148
UTEP,,,-32.51387427469,-32.51387427469,-32.51387427469,–,-32.51387427469
UTSA,,,-17.3752400770565,-44.3379253976196,9.58744524350667,38.1309952583384,-34.7504801541129
Valparaiso,,,-16.9297610142021,-24.0024007214202,-9.857121306984,10.0022229957263,-33.8595220284042
Vanderbilt,,,-9.51707483663373,-44.2755484724591,37.9236359282029,36.1185631729548,-25.3860622175237
VCU,,,4.89674757150632,-15.0992253730609,57.9846005066273,33.0988423453254,52.678870276579
Vermont,,,-29.9402896565359,-85.6145411173922,50.1903578826078,56.7051720830321,-95.3047625478561
Villanova,,,-15.016386572348,-62.686378657622,14.932701002036,28.0922563076166,-101.037640223862
Virginia,,,-2.74283393256,-29.6225695256653,45.5265079645627,38.0785009341861,13.1611045063374
Virginia Tech,,,-18.5633818132989,-48.2410442158789,14.7718518162188,32.3405270520646,-70.5959560262579
VMI,,,53.420093357998,29.3592575078511,54.0464811736113,14.0758374281754,136.82583203946
Wagner,,,-4.25317972460133,-12.597764483048,43.2419687148287,30.1205827292137,26.3910245071794
Wake Forest,,,-27.0817272725989,-50.7589424624104,28.1388630007251,31.3185549322553,-84.604090513076
Washington,,,-5.53250205674335,-15.4274737374967,4.36246962401,13.9936031502191,-11.0650041134867
Washington St.,,,3.948459427826,-14.19184924368,58.828294459516,31.7564970920513,52.533364071488
Weber St.,,,-16.5818419319597,-24.8796385839347,-8.28404527998467,11.7348565630371,-33.1636838639194
West Georgia,,,16.1699294233333,8.70832277,27.60061341,9.77143700779608,68.6487950266667
West Virginia,,,-2.98305533106733,-3.21954934821333,27.4887991446407,17.6615991714956,21.28619446536
Western Carolina,,,-1.746946595058,-1.746946595058,-1.746946595058,–,-1.746946595058
Western Illinois,,,-6.71958554997834,-26.610484081908,64.395819950968,40.1165584475201,24.3461647691033
Western Kentucky,,,-1.37959582582445,-22.37705502138,55.03199961862,40.03191046635,31.2753487714156
Western Michigan,,,7.3829474123,-32.0226889284004,28.715123720428,25.3750874312242,11.4583296166276
Wichita St.,,,27.7819707263854,0.528171103843208,30.2878791512254,16.5060059471534,58.598020981454
William & Mary,,,16.795781296712,-34.784489205822,46.689794905338,35.2720813161455,46.426349004036
Winthrop,,,-9.38487484524057,-18.1846678209486,21.7119811690514,16.9745425114809,-12.3192276917282
Wisconsin,,,7.739169036694,-30.682634436904,77.99480110005,48.4570901763053,62.790504736534
Wofford,,,-17.5300884652293,-45.9016155311722,3.43996634913133,24.76313943957,-59.9917376472702
Wright St.,,,11.6067956307273,-11.06431086202,72.49827777798,43.2135354719493,73.0407625466873
Wyoming,,,13.86186448803,-39.733456833776,24.0824399793458,34.2767834863588,-1.7891523664002
Xavier,,,-9.8790568542493,-42.7144603753703,44.1680804188077,42.5634202511873,-18.3044936650612
Yale,,,31.0893478774733,-34.7141980184993,54.8532176872487,41.8016700810906,82.3177154236959
Youngstown St.,,,18.89912181048,-3.01493197952,41.71575632048,22.3668617962143,57.59994615144