Team,,FGM,FGA,FG3sM,FG3sA,FTM,FTA,OReb,DReb,AST,TO,STL,PF,PTS_OFF_TURN,FST_BREAK,PTS_PAINT,Points,Opp Points,Win,Loss,OPP_FGM,OPP_FGA,OPP_FG3sM,OPP_FG3sA,OPP_OReb,OPP_DReb,OPP_AST,OPP_TO,OPP_PF,OPP_PTS_OFF_TURN,OPP_FST_BREAK,OPP_PTS_PAINT
Abilene Christian,,43,98,10,27,32,47,9,23,11.5,19.5,9.5,20.5,18,14.5,30,64,69.5,3,1,46,97,9,25,7,22.5,9.5,16,15.5,18.5,11.5,35
Air Force,,83,193,32,102,57,83,7,22.75,16,11.25,4.5,17,11.75,4.5,24,63.75,70.5,3,1,96,223,40,98,11.25,24.5,12.75,9.5,18.25,13.25,7.25,26.5
Akron,,52,144,23,62,16,21,13,24.5,18.5,12,9,15,9.5,11,24,71.5,83.5,3,1,69,143,14,49,15.5,34,18.5,13,11,15.5,12,55
Alabama,,115,239,34,112,84,120,12.25,32.25,17,11.25,4.75,14.25,9,13,39.5,87,71,3,1,100,259,28,94,11,24,10,9.5,19.5,12.5,5,27.5
Alabama A&M,,27,76,3,19,14,24,23,23,12,17,10,27,21,10,48,71,81,3,1,29,59,5,14,13,32,14,20,25,17,14,42
Alabama St.,,47,121,10,42,36,46,13.5,20.5,10.5,13.5,7.5,22.5,10,13,28,70,83.5,3,1,54,105,16,40,9.5,26,17,13,17.5,21.5,10.5,33
Albany,,79,186,17,63,41,54,11.6666666666667,24.6666666666667,10,9,9,18,15.6666666666667,11,35.3333333333333,72,66.6666666666667,3,1,67,155,16,53,8.33333333333333,25.3333333333333,10.6666666666667,14.3333333333333,16,9.66666666666667,4.66666666666667,32
Alcorn St.,,56,166,11,42,33,49,13.3333333333333,17,9.66666666666667,16.6666666666667,7.33333333333333,14.3333333333333,11,6.66666666666667,26.6666666666667,52,95,3,1,96,188,46,104,15,26.3333333333333,26,10.3333333333333,14,23,17,32.6666666666667
American,,85,221,34,104,36,48,7.5,20,10.75,10.5,4.75,17.25,11,6,21,60,75.25,3,1,105,215,21,68,9.75,28.25,11,9.25,12.5,14.25,10.5,39
Appalachian St.,,42,109,16,56,19,34,10.5,24.5,11,18.5,5,18.5,5.5,4.5,21,59.5,82,3,1,60,129,19,53,11,28,13,10,17,13,11,38
Arizona,,99,217,20,73,65,96,21.6666666666667,29.6666666666667,15.6666666666667,10.3333333333333,9.66666666666667,24.6666666666667,20.3333333333333,19.3333333333333,49.3333333333333,94.3333333333333,70.3333333333333,3,1,65,160,24,69,5.33333333333333,21.6666666666667,10.3333333333333,15.6666666666667,23,9,9.66666666666667,20.6666666666667
Arizona St.,,103,225,42,114,55,72,7.5,27.5,13.5,13.5,4,18,11.75,15,29,75.75,71.5,3,1,101,254,29,102,12.25,25,14,10.25,15.75,11.75,10.75,29.5
Arkansas,,82,177,19,62,25,38,9,25,12.3333333333333,12.3333333333333,10.6666666666667,13.6666666666667,19.6666666666667,17.6666666666667,34.6666666666667,69.3333333333333,60.3333333333333,3,1,70,171,19,70,9,23.6666666666667,10.6666666666667,17,15.3333333333333,12.6666666666667,8.66666666666667,31.3333333333333
Arkansas Pine Bluff,,100,235,25,89,42,58,9.25,21.5,9.75,15.5,4,19.75,11.75,5.25,34,66.75,97.25,3,1,139,275,43,125,16.5,26.25,22.5,8,11,22.5,17.75,44.5
Arkansas St.,,102,260,36,127,58,100,14.5,28.5,12,12,8.25,17,15.25,10.25,32.5,74.5,68.75,3,1,95,248,23,92,14.5,30.5,12.25,14.75,20,11.5,7.5,30
Army,,77,178,24,71,35,53,10,24.3333333333333,12.6666666666667,11.6666666666667,5,16.6666666666667,12.3333333333333,4.66666666666667,31.3333333333333,71,83.3333333333333,3,1,92,196,30,87,13.6666666666667,27,16.3333333333333,9.66666666666667,16.6666666666667,13.6666666666667,9.33333333333333,36.6666666666667
Auburn,,91,172,29,82,36,52,10,29,17.3333333333333,9,6.33333333333333,17.6666666666667,15.6666666666667,14,38,82.3333333333333,56,3,0,59,177,15,57,12.3333333333333,20,6,11.3333333333333,16,12.3333333333333,4.66666666666667,24
Austin Peay,,71,172,20,65,41,57,9.66666666666667,20,9,10.6666666666667,7.33333333333333,19,18,4.66666666666667,32,67.6666666666667,76.6666666666667,3,1,83,171,17,68,12,26,16,13,16,14,11,43.3333333333333
Ball St.,,64,177,23,75,68,94,9,26.3333333333333,10.6666666666667,9.66666666666667,3.33333333333333,9,6.33333333333333,4,24,73,80.6666666666667,3,1,81,174,18,57,8.33333333333333,34,17.3333333333333,9,22.3333333333333,11.6666666666667,14.6666666666667,37.3333333333333
Baylor,,122,250,39,109,60,84,14.25,22.5,18.75,11.75,9.5,13.75,20.5,16.75,38.5,85.75,69,3,1,105,227,33,93,9.5,21,16.25,16.5,19.75,13,11.5,28.5
Bellarmine,,93,210,27,86,54,67,7.25,22.25,12.75,15.25,7.75,15.75,9.75,6.5,32.5,66.75,78.5,0,4,110,230,38,88,9,23.5,15.25,11.75,13.75,16.5,9,34.5
Belmont,,89,178,29,75,26,40,9.66666666666667,25,15.6666666666667,11,4.66666666666667,11.3333333333333,15.3333333333333,8,38,77.6666666666667,75.3333333333333,3,1,84,179,34,89,8,23,19.6666666666667,11.3333333333333,16.3333333333333,13.6666666666667,8,28.6666666666667
Bethune Cookman,,97,230,25,80,44,61,7.75,23.5,11.75,15.75,7,17.75,12.75,9.25,30.5,65.75,77.5,3,1,105,242,34,96,12.75,26.5,13,13.25,16.25,19,18.5,32
Binghamton,,70,165,21,59,32,49,9,25.3333333333333,16.6666666666667,17,2.33333333333333,23,6.66666666666667,6.33333333333333,30,64.3333333333333,91.3333333333333,3,1,86,187,35,94,11.6666666666667,27,16.3333333333333,6.66666666666667,16.6666666666667,24,16,30.6666666666667
Boise St.,,82,177,19,60,61,73,11.3333333333333,27.6666666666667,15,8.66666666666667,5.33333333333333,15.3333333333333,11.3333333333333,12.3333333333333,38,81.3333333333333,66,3,1,72,189,18,74,11.6666666666667,22.3333333333333,8,9.66666666666667,18,7.66666666666667,7.33333333333333,27.3333333333333
Boston College,,64,173,14,49,54,77,14.6666666666667,25.6666666666667,9.33333333333333,13,6,21.3333333333333,11,6,24.6666666666667,65.3333333333333,69.6666666666667,3,1,71,171,19,69,12,26.6666666666667,10.6666666666667,12,17.3333333333333,17.6666666666667,7.33333333333333,29.3333333333333
Boston University,,94,224,30,100,32,55,11,24.5,12.25,15,6.25,15.75,10,4.5,27.5,62.5,68.75,3,1,99,224,30,96,9,24.25,13.25,12,15.25,18,14.25,29
Bowling Green,,82,188,25,76,36,47,7.66666666666667,22,11.6666666666667,11.6666666666667,8.66666666666667,18.6666666666667,10,9.66666666666667,24.6666666666667,75,84.6666666666667,3,1,86,181,19,67,9,26.6666666666667,18.3333333333333,12,13.6666666666667,15.3333333333333,8.33333333333333,24
Bradley,,111,213,38,87,63,85,8.25,28.25,14.75,16,6.5,16,17,9.25,30,80.75,70.75,3,1,96,239,27,102,9.5,19.75,9.75,11.5,18,21,7.5,29
Brown,,100,233,29,99,50,81,13.25,25.75,11.25,13.75,6.25,17.75,11.25,11.5,31.5,69.75,68,3,1,94,240,25,74,13.75,24,9.25,12.25,16.5,13.75,5.5,26
Bryant,,57,137,19,49,42,57,17.5,29.5,17.5,15.5,9.5,23,22,20.5,32,87.5,77,2,1,47,123,17,55,11.5,26.5,8,17.5,23.5,10.5,4.5,23
Bucknell,,140,312,42,127,79,118,9.4,29.6,13.6,15.8,7.2,17.2,12.8,7.2,37.2,80.2,82.2,3,1,150,346,45,143,12.2,27.4,13.8,13.4,20.2,17.2,9.4,35.2
Buffalo,,81,180,27,83,35,58,6,28.6666666666667,14,13.3333333333333,5.66666666666667,15.6666666666667,9,9.66666666666667,33.3333333333333,74.6666666666667,85,3,1,94,215,27,77,15.3333333333333,31,16.6666666666667,11,16,15,18,37.3333333333333
Butler,,95,207,38,92,76,95,9.5,26.5,14.25,14.75,4,13,11.5,6.5,26.5,76,67,3,1,101,267,22,82,14.75,19.25,9.25,9.25,21.25,18,8.5,33.5
BYU,,139,271,46,127,44,75,15,30,20.5,9.75,10.75,12.25,20.25,13.5,43.5,92,64,4,0,90,224,41,110,6,22.25,13.75,16,15.5,9.5,5,18.5
Cal Baptist,,92,211,60,111,54,73,18.75,19,12.5,11.5,5.75,15.25,13.25,16.5,35.25,82.5,77.25,3,1,103,209,35,71,15.75,22.5,7,10.75,19.5,7.25,8.75,33
Cal Poly,,75,177,30,85,46,56,9.66666666666667,25.6666666666667,12.3333333333333,18.3333333333333,8.33333333333333,18.3333333333333,13,10,29.3333333333333,75.3333333333333,82.6666666666667,3,1,83,192,27,84,11.6666666666667,26,12.6666666666667,13.6666666666667,17.3333333333333,24,11.6666666666667,32
Cal St. Bakersfield,,91,186,20,51,31,54,14.3333333333333,25.3333333333333,7.33333333333333,13.3333333333333,5,12,16.3333333333333,6,28,77.6666666666667,74.3333333333333,3,1,71,163,18,65,9.66666666666667,21.3333333333333,10.6666666666667,11.6666666666667,34.3333333333333,13,12,32.6666666666667
Cal St. Fullerton,,73,202,17,68,73,93,9.25,18.25,7,13.75,5.5,18.75,10.5,9.25,22.5,59,80.5,3,1,103,213,44,119,10,25.25,15.75,12.5,19.5,17.75,11.25,23
Cal St. Northridge,,78,164,20,54,56,80,9.33333333333333,29,15.6666666666667,16.3333333333333,7,21.3333333333333,15.6666666666667,9.66666666666667,30.6666666666667,77.3333333333333,71.3333333333333,3,1,59,161,28,98,10,23.3333333333333,13,16.3333333333333,22.3333333333333,16.6666666666667,10.6666666666667,18.6666666666667
California,,78,177,23,63,67,89,12.3333333333333,28.3333333333333,10,13.6666666666667,6.33333333333333,36,17.3333333333333,10.3333333333333,34,82,77,3,1,84,188,26,67,10.6666666666667,24,12,14.3333333333333,11.6666666666667,18,13.3333333333333,31.3333333333333
Campbell,,72,164,23,76,39,47,7.66666666666667,21.6666666666667,12.3333333333333,12,9.33333333333333,18.3333333333333,16.6666666666667,10.3333333333333,27.3333333333333,68.6666666666667,65.3333333333333,3,2,72,147,17,47,6.33333333333333,23.6666666666667,12,14.6666666666667,18.3333333333333,14.6666666666667,7.33333333333333,30
Canisius,,111,271,47,132,52,64,7,20,10.4,13,6,15.6,7,8.6,20,64.2,82,3,1,153,300,39,115,10.8,26.2,18,8.8,14,16,12,40.4
Central Arkansas,,63,176,26,95,22,34,9.66666666666667,23.6666666666667,13.3333333333333,15,5.66666666666667,13,7,4.66666666666667,20,58,83,3,1,84,191,42,123,13.6666666666667,30,18.3333333333333,10.3333333333333,10,20,11.6666666666667,26
Central Connecticut,,71,165,13,51,35,51,7.33333333333333,23,10.6666666666667,11,9.33333333333333,12.6666666666667,11,6,29.3333333333333,63.3333333333333,68.6666666666667,2,2,77,171,24,87,9.33333333333333,26.6666666666667,14.6666666666667,13.6666666666667,12,13.3333333333333,7.33333333333333,34
Central Michigan,,100,223,32,106,46,68,11.5,25.5,15.5,17.5,9,18,14.75,9.75,30,69.5,70.5,2,2,91,215,31,102,8.75,22.25,12,13,16.5,17.75,18.5,28
Charleston,,116,249,34,84,76,99,9.5,27.25,16,15,6,14.25,13.5,9.25,33.5,85.5,83.75,3,1,115,247,35,94,8.5,25.5,16.25,14.25,24.5,16.25,16,38.5
Charleston Southern,,102,229,27,100,44,90,11.25,24.5,16.5,17.75,5.75,17.5,9.75,7.25,37,68.75,86.75,3,1,128,253,36,96,9.5,26.5,14.5,10.5,18.75,18,12.5,41
Charlotte,,74,157,24,68,55,71,7.66666666666667,20.6666666666667,14.6666666666667,9.66666666666667,5.33333333333333,14,8.66666666666667,6.66666666666667,32.6666666666667,75.6666666666667,76.6666666666667,3,1,90,173,19,64,9.66666666666667,23,17.3333333333333,8.66666666666667,22,13,11.6666666666667,44.6666666666667
Chattanooga,,122,291,37,142,68,91,9.4,24.6,15,12.4,5,17.4,10,6,30.4,69.8,74.8,3,1,134,285,33,105,8.8,25.2,14,10.2,16.8,12.4,5.8,31.6
Chicago St.,,77,242,24,89,49,71,9.5,24.5,7.5,15.25,7.5,20,10.5,6.25,20.5,56.75,86.5,0,4,118,250,31,92,13.25,33,17,11.5,15.5,19.5,15,38.5
Cincinnati,,108,188,29,67,33,52,12.3333333333333,29,21,8.33333333333333,6.33333333333333,9.66666666666667,17.6666666666667,11,46,92.6666666666667,53,3,1,61,184,13,51,12,17,9.66666666666667,12.6666666666667,13.6666666666667,6.33333333333333,4.33333333333333,28
Clemson,,118,250,36,97,53,80,13.5,24.25,15,11,9,14.5,16,8,35,81.25,68,3,1,93,222,32,93,10.5,22.5,10.5,15.25,19.5,11.25,5.5,24.5
Cleveland St.,,101,240,18,65,43,58,14,17.75,11.25,17.5,9,19,12.25,5.5,34.5,65.75,77,3,2,110,212,31,76,10.75,21,14.5,16.5,14.5,18,13.75,38
Coastal Carolina,,84,210,27,83,47,67,8.5,26.25,10.5,10.5,2.75,20.5,5.5,4.25,27.5,60.5,68,1,3,90,214,13,61,10.5,25.25,8,6.25,14.75,10,9,29
Colgate,,48,124,14,52,18,26,6,27,11,5.5,7,12,11.5,16.5,29,64,73.5,3,1,55,126,21,53,9.5,35,17,9.5,10,2,5,22
Colorado,,113,226,35,87,76,97,11.25,31.5,16.25,17,9,15.25,12.5,17.25,36,84.25,65.75,3,1,95,255,28,92,10.75,19.5,12.25,12.75,18.5,14.75,9.5,28
Colorado St.,,113,232,28,95,56,80,8,26.5,19.5,12,7,19,16.5,12.75,34,78,71,3,1,100,230,29,81,10.25,24.75,11.5,15.75,20,13,4.5,25.5
Columbia,,140,293,45,124,82,112,11.6,23.8,17,11,7.2,15,13,12.4,34.8,81.4,71.6,3,1,132,295,36,107,9.6,21.4,16.2,12.2,18.8,12,10,28.4
Connecticut,,99,188,34,92,42,59,14,29.6666666666667,23,10,7.33333333333333,17,17.6666666666667,15.6666666666667,43.3333333333333,91.3333333333333,52.6666666666667,3,0,55,158,15,49,6,18.6666666666667,8,14.6666666666667,16.6666666666667,7.33333333333333,3.33333333333333,24
Coppin St.,,121,346,26,110,60,96,9.5,22.1666666666667,8.5,13.6666666666667,6.66666666666667,17.1666666666667,11.1666666666667,6.5,26,54.6666666666667,78,3,1,165,332,58,152,8.66666666666667,31,16.3333333333333,12.1666666666667,12.3333333333333,15.1666666666667,11.8333333333333,32
Cornell,,83,183,25,85,55,81,13.3333333333333,23.3333333333333,17,14.6666666666667,7.33333333333333,22.3333333333333,10.3333333333333,16,38,82,83.3333333333333,3,1,82,188,25,72,13.6666666666667,23.6666666666667,11.6666666666667,14,20.6666666666667,24,11,34
Creighton,,125,239,35,111,67,82,9.75,36,20.25,13.25,3.25,11.5,15,14,44,88,63.75,3,1,97,290,36,127,12.75,20.75,10.5,10,14.25,13.5,5.25,22.5
Dartmouth,,64,163,19,71,57,87,9,26.6666666666667,13,13.3333333333333,4,11.3333333333333,8.66666666666667,9.33333333333333,27.3333333333333,68,80.3333333333333,3,1,90,192,28,79,9.66666666666667,29.3333333333333,14.3333333333333,10,19.6666666666667,14.3333333333333,9,34.6666666666667
Davidson,,55,108,13,36,44,60,11,25.5,12,13,3,17,10,7.5,39,83.5,77.5,3,1,55,116,20,45,7.5,19.5,11,9,22.5,12,8,30
Dayton,,81,167,20,72,53,79,9,27.6666666666667,17.6666666666667,9.66666666666667,9.33333333333333,14.3333333333333,17,16.6666666666667,38,78.3333333333333,64,3,1,67,166,19,59,6.66666666666667,24.6666666666667,10.6666666666667,14.6666666666667,19,9,9,26.6666666666667
Delaware,,74,176,20,61,50,67,9.33333333333333,27.3333333333333,9.66666666666667,14.6666666666667,7.33333333333333,19.3333333333333,14.3333333333333,14.6666666666667,26,72.6666666666667,73.3333333333333,3,1,78,197,23,64,17,27.6666666666667,11.6666666666667,14.6666666666667,17.3333333333333,15.3333333333333,9.33333333333333,34
Delaware St.,,43,117,4,18,32,44,12.5,22,13.5,15.5,8,21,15,12,24,61,83,3,1,54,120,21,60,15,27,19,16,17,16,11.5,31
Denver,,68,161,17,53,53,65,10.6666666666667,22.3333333333333,9,19,6.66666666666667,18,11,7.66666666666667,22.6666666666667,68.6666666666667,79,3,2,84,179,15,61,12,23,15.6666666666667,12,16.6666666666667,22.3333333333333,12.3333333333333,42
DePaul,,121,241,47,120,62,91,11.5,29.75,19.75,13.25,5.75,14.5,15.75,11.75,36,87.75,64.75,3,1,97,250,18,75,11.75,19.75,10,13.75,15.75,8.75,10.5,34
Detroit Mercy,,72,176,23,61,49,74,14.3333333333333,27.6666666666667,11,16,6,18,11.3333333333333,11.3333333333333,27.3333333333333,72,82.3333333333333,3,1,85,188,27,87,10.3333333333333,24,17,11,16.6666666666667,18,12.3333333333333,36.6666666666667
Drake,,41,88,16,43,31,50,10,19,12.5,16.5,9,12.5,20,5,24,64.5,56,3,0,45,98,8,27,10,18.5,8,17,17,14.5,3.5,32
Drexel,,76,187,26,82,24,38,11.3333333333333,30,14.3333333333333,9.66666666666667,3.33333333333333,14.6666666666667,4,5,28.6666666666667,67.3333333333333,65.3333333333333,3,1,68,175,16,61,8.33333333333333,26.3333333333333,11,7.33333333333333,11,13.6666666666667,10.6666666666667,29.3333333333333
Duke,,128,267,48,129,50,66,13.25,31,18,9.5,8.75,14.75,16.75,12.25,37,88.5,58,3,1,81,241,26,101,9.75,23,10.25,14.25,15.5,11.75,6.75,22.5
Duquesne,,72,178,20,63,34,58,9.33333333333333,23.6666666666667,11.6666666666667,10.6666666666667,5.66666666666667,19,9.66666666666667,9.33333333333333,30,66,78.6666666666667,3,1,77,155,33,70,6.33333333333333,28,17.3333333333333,13,14.6666666666667,8,11,28.6666666666667
East Carolina,,41,122,11,50,48,72,20,26,8,9,8,20,9.5,10,24,70.5,68,3,1,46,119,14,44,12.5,28.5,12,12.5,28,8.5,5,30
East Tennessee St.,,53,117,16,47,26,43,14.5,18.5,8.5,10,6,22,16.5,6,29,74,79,3,1,56,108,15,36,12.5,21,11.5,12.5,19,11,10.5,35
East Texas A&M,,104,232,30,100,37,60,9,23.75,12,18.5,7.25,23.25,15.25,10,37,68.75,83.75,3,1,120,256,29,80,14.25,25.25,17.25,12.75,12.75,22.25,14.5,41
Eastern Illinois,,72,186,14,51,22,42,9,20,11,13.3333333333333,7.33333333333333,21,9.66666666666667,6.33333333333333,21.3333333333333,60,89.6666666666667,3,1,90,178,27,79,12.3333333333333,32,18.6666666666667,13.3333333333333,13.6666666666667,16,16.3333333333333,37.3333333333333
Eastern Kentucky,,56,122,18,49,14,20,13,18.5,11.5,13.5,7,24,15,8,25,72,76.5,3,1,54,122,13,48,20,21.5,12,12.5,13,15,8.5,35
Eastern Michigan,,66,174,22,68,27,46,13,23.3333333333333,9.66666666666667,14.6666666666667,7.66666666666667,17,10.6666666666667,9.33333333333333,26,60.3333333333333,68.6666666666667,3,1,63,160,20,62,11.3333333333333,25.6666666666667,12,13.3333333333333,15.6666666666667,12.3333333333333,8.66666666666667,21.3333333333333
Eastern Washington,,84,173,23,63,35,46,7,21.6666666666667,17.3333333333333,11.6666666666667,9.66666666666667,20,17,9.33333333333333,36.6666666666667,75.3333333333333,82,3,1,81,166,31,63,10.3333333333333,23.3333333333333,15.6666666666667,13.6666666666667,14.6666666666667,14,9.33333333333333,30.6666666666667
Elon,,52,116,21,52,30,41,11,25.5,12,13.5,4,11.5,11,5.5,27,77.5,85,3,1,58,139,23,55,16,22.5,19,8,10,13,13,31
Evansville,,70,162,29,89,38,56,7.66666666666667,17.3333333333333,13.3333333333333,12.3333333333333,5.66666666666667,15,13.3333333333333,9.66666666666667,25.3333333333333,69,84,3,1,90,171,21,58,12.6666666666667,26,12.3333333333333,11.6666666666667,13.3333333333333,16,6.66666666666667,40.6666666666667
Fairfield,,63,194,15,67,36,52,14,22.3333333333333,11.3333333333333,11.6666666666667,6.66666666666667,20.3333333333333,8.33333333333333,9.66666666666667,26.6666666666667,59,73.6666666666667,3,1,75,163,16,51,9,32,12.6666666666667,13.3333333333333,20.3333333333333,11.3333333333333,15,35.3333333333333
Fairleigh Dickinson,,104,241,33,93,46,65,9,20.25,11.5,14.25,6,16.25,13.5,4.25,32,71.75,94.25,3,1,138,267,36,101,13.75,27.75,19,10.75,15.75,22.25,13.75,45
FIU,,50,132,11,40,34,46,12.5,23.5,12,13,11,24,21,24,37,72.5,78.5,3,1,49,98,8,36,8.5,31,14,20,18,14.5,17.5,36
Florida,,124,245,29,101,75,101,13.25,27.75,14,12.75,7.75,14.5,19,14.5,44.5,88,69.75,3,1,103,253,29,83,12,19.25,10.75,15,19.75,11.75,10.25,31.5
Florida A&M,,49,145,17,66,32,61,7.33333333333333,20.6666666666667,10.6666666666667,15,3.66666666666667,17.6666666666667,5.33333333333333,4.66666666666667,17.3333333333333,61.6666666666667,97,3,1,108,202,29,72,9.33333333333333,26.6666666666667,19.3333333333333,10.3333333333333,16.6666666666667,19.3333333333333,17,30.6666666666667
Florida Atlantic,,135,260,49,107,65,90,8,28.75,17.25,14.5,9.25,22.75,21,12.25,39,96,89.25,3,1,121,267,51,129,9.75,26.25,18.5,15.25,14.75,15,9.5,29.5
Florida Gulf Coast,,94,220,26,94,27,39,7,23,10.75,12.5,5.5,16.25,11.5,5.25,31.5,60.25,69.25,3,1,94,220,32,95,10.75,25,11.75,11.5,11.25,14.5,10.75,29
Florida St.,,100,236,20,82,73,111,10.75,22.75,11.75,12.5,11.5,18.5,19.75,11.75,36,73.25,66.5,3,1,84,208,29,96,9.75,26.75,11.5,19.75,19.25,9.5,5.25,22.5
Fordham,,89,239,37,113,56,82,10.5,24.5,12.5,12.75,8.25,18.25,16,8.75,22.5,67.75,72.25,3,1,107,236,25,70,11.75,30,16.25,14.5,19.25,12,12.25,36
Fresno St.,,73,184,18,68,42,62,10.3333333333333,23,10,13.6666666666667,9,18.3333333333333,17,16,33.3333333333333,68.6666666666667,74,3,1,81,178,21,70,11.3333333333333,30,10.6666666666667,17.6666666666667,19,17.6666666666667,9.33333333333333,30
Furman,,76,174,38,97,39,51,8.33333333333333,27,17.6666666666667,12.3333333333333,7.33333333333333,13.3333333333333,13.6666666666667,10.6666666666667,22,76.3333333333333,70,3,1,79,178,17,59,9.33333333333333,24.6666666666667,12.6666666666667,12,15,11,8.66666666666667,40
Gardner Webb,,110,227,26,71,50,72,11,23,11,16.25,5.75,15.5,10.75,6.25,38,74,81,3,1,116,239,30,96,10.5,20.75,15.75,10.25,14,18,13,36
George Mason,,121,277,32,110,104,139,12.4,29,13,16,7.2,19.8,12.6,11,31.6,75.6,68.8,3,1,110,316,38,139,14.8,21.4,11.4,12,20.8,14.8,8.4,23.2
George Washington,,86,183,18,75,53,69,13,28.3333333333333,12.6666666666667,12.3333333333333,10,14.6666666666667,17,11.3333333333333,44,81,64.3333333333333,3,1,72,186,18,56,11.3333333333333,21.6666666666667,8.33333333333333,14,16.6666666666667,12,5.33333333333333,26.6666666666667
Georgetown,,80,191,19,74,38,51,15.6666666666667,22.3333333333333,14,12.3333333333333,9,12,15.6666666666667,10.3333333333333,30,72.3333333333333,72.6666666666667,3,1,80,173,27,66,9.66666666666667,23.6666666666667,16,14.6666666666667,15.3333333333333,7,9.33333333333333,28.6666666666667
Georgia,,116,240,25,85,85,116,14.25,30,14.25,12.25,5.25,15.75,13,11,44.5,85.5,72,3,1,107,259,30,107,9,19,12.5,9.75,20,13.5,6.75,29
Georgia Southern,,152,319,46,141,70,111,11.6,25.4,11.2,16.6,9.2,26,24.2,12,39.2,84,84.2,3,1,125,286,37,139,11.4,28,11.8,16,14.6,17.6,15.2,33.2
Georgia St.,,73,198,17,58,41,61,14,28.6666666666667,12,10.3333333333333,4.33333333333333,21.6666666666667,11.6666666666667,10.3333333333333,28,68,79.6666666666667,3,1,90,205,25,88,13,30,16.3333333333333,8.66666666666667,9.66666666666667,14.6666666666667,12.6666666666667,39.3333333333333
Georgia Tech,,115,268,37,115,61,85,12.5,30,16.75,12.25,4.25,19.25,13.75,9.75,33.5,82,76.5,3,1,108,255,24,78,9.75,27,11,10.25,17.5,11.5,11.5,35.5
Gonzaga,,112,209,31,77,47,62,13.6666666666667,29.6666666666667,22.3333333333333,9.33333333333333,10.6666666666667,14.6666666666667,20,24.6666666666667,46.6666666666667,100.666666666667,65.6666666666667,3,1,71,175,15,66,7.66666666666667,22.3333333333333,8.33333333333333,15.6666666666667,16,9.66666666666667,6.33333333333333,32.6666666666667
Grambling St.,,44,99,11,31,27,37,5,26.5,7,20,5.5,18,13,4.5,25,63,76,3,1,52,129,13,49,13.5,25.5,13,9,15.5,24,16.5,36
Grand Canyon,,78,178,21,65,62,86,12,22.3333333333333,12.6666666666667,14.6666666666667,9.66666666666667,19,17,10,31.3333333333333,79.6666666666667,79.3333333333333,3,1,81,165,26,63,6.66666666666667,23,11.6666666666667,16,19,18.3333333333333,11.6666666666667,29.3333333333333
Green Bay,,106,233,45,128,47,59,6.5,23,13.5,12,5,16.5,9.5,6.25,30.5,76,82.75,3,1,116,250,37,90,15,26.25,12.75,11.25,15.5,16.5,6.25,36
Hampton,,55,189,19,75,34,43,17.3333333333333,20.3333333333333,7.33333333333333,13,6.66666666666667,13,11.6666666666667,2.66666666666667,18.6666666666667,54.3333333333333,69.6666666666667,3,1,73,161,24,74,11.6666666666667,27.6666666666667,13.3333333333333,12.6666666666667,9.66666666666667,14.6666666666667,8.66666666666667,30
Harvard,,123,284,36,124,54,80,9.2,24.2,12.8,13.2,5.8,16.2,10.4,9.8,27.6,67.2,76.8,3,1,136,294,42,109,9.6,25.4,16,10.8,15.6,19,13.8,33.6
Hawaii,,55,107,9,36,37,49,8,25,9,9,3,21,7.5,7,40,78,67.5,3,0,44,111,8,25,10.5,19.5,5.5,8,21.5,12,8.5,31
High Point,,105,214,36,91,71,92,8.5,28,14.75,11.25,5.5,16.25,10.5,11.25,32,79.25,61.75,4,0,85,227,25,75,10.5,20.75,8.5,12.25,19,12,9.25,23.5
Hofstra,,74,165,25,67,41,55,9.66666666666667,28,15,14,6,19,13,13,31.3333333333333,71.3333333333333,65,3,1,65,174,25,73,13.6666666666667,23.6666666666667,11.6666666666667,12.6666666666667,19.3333333333333,17.6666666666667,5,25.3333333333333
Holy Cross,,126,277,53,128,62,83,8.6,22.2,11.2,10.8,4.6,14.6,9.4,3.6,23.2,73.4,77.6,3,1,137,285,44,125,9.4,23.8,15.6,10.8,13.6,14.6,13.2,34.4
Houston,,94,193,27,56,42,56,14.6666666666667,24.6666666666667,13,9.66666666666667,11.3333333333333,15,26,13.3333333333333,34.6666666666667,85.6666666666667,53,3,1,55,144,17,67,7.66666666666667,21,9.66666666666667,18.6666666666667,18.6666666666667,5.66666666666667,5.33333333333333,20.6666666666667
Houston Christian,,36,122,15,65,15,20,11.5,20.5,7,13.5,6.5,13,9.5,7.5,15,51,84,3,1,65,114,17,42,6.5,32.5,17.5,8.5,9,17,16.5,43
Howard,,77,175,28,65,25,42,8.33333333333333,20,15.3333333333333,16,6.66666666666667,14.6666666666667,8,3.66666666666667,26.6666666666667,69,82.6666666666667,3,1,89,163,21,64,8.66666666666667,27,12,12.6666666666667,12.6666666666667,20,13,39.3333333333333
Idaho,,73,168,29,73,38,59,8,23.3333333333333,12.6666666666667,16,5.33333333333333,20.6666666666667,9,6,28,71,88,3,1,93,186,25,79,12,26.6666666666667,15,10,18.3333333333333,19.6666666666667,14.6666666666667,40.6666666666667
Idaho St.,,64,171,15,62,52,68,13,28.6666666666667,12,14,4,19.6666666666667,7.66666666666667,6.33333333333333,30,65,65.3333333333333,3,1,66,171,17,70,8.66666666666667,24.3333333333333,15,12.3333333333333,18.6666666666667,13.6666666666667,11,28
Illinois,,82,182,38,105,66,91,14,33.3333333333333,16,12,4.33333333333333,15.3333333333333,11.3333333333333,9.66666666666667,28,89.3333333333333,59.6666666666667,3,1,68,194,14,61,11,21,8.33333333333333,11.6666666666667,21.3333333333333,11,6,24.6666666666667
Illinois Chicago,,56,122,22,55,31,45,11.5,26.5,17,14.5,6,19,16.5,7,31,82.5,81,3,1,52,110,18,39,7,25.5,15.5,12.5,17.5,9.5,5.5,27
Illinois St.,,76,170,26,80,49,58,7.66666666666667,29,12.6666666666667,9.66666666666667,4.33333333333333,15.3333333333333,14.6666666666667,5.66666666666667,27.3333333333333,75.6666666666667,70,3,1,79,187,28,89,9.33333333333333,25.3333333333333,11.3333333333333,10.3333333333333,19,11.6666666666667,4,32
Incarnate Word,,93,183,25,66,43,62,11.6666666666667,27,12.6666666666667,10,5,16,14.6666666666667,9.66666666666667,32.6666666666667,84.6666666666667,76,3,1,77,176,25,64,9.33333333333333,19,12.3333333333333,8.33333333333333,16.6666666666667,19,11,35.3333333333333
Indiana,,94,170,20,51,49,62,7.66666666666667,30.6666666666667,18.6666666666667,13,8.33333333333333,16.3333333333333,20.6666666666667,17.3333333333333,41.3333333333333,85.6666666666667,62.3333333333333,3,0,70,191,20,75,12,19.3333333333333,10.3333333333333,13.6666666666667,17.3333333333333,12,12,28.6666666666667
Indiana St.,,73,179,40,105,44,58,8.33333333333333,28.3333333333333,17,16.6666666666667,7.66666666666667,18,12.6666666666667,11.6666666666667,20.6666666666667,76.6666666666667,86,3,1,86,178,26,74,8,30.3333333333333,15,13.6666666666667,13,20.6666666666667,9.33333333333333,37.3333333333333
Iona,,96,245,23,78,61,97,19,23.75,10.25,17,8.75,17.25,17.25,9.75,33.5,69,73.5,3,1,106,220,33,92,8.75,22.25,14.5,13.75,19,17,13.75,33
Iowa,,126,260,45,122,53,76,12,27.75,20.75,11.75,9.25,10.75,21.25,17.25,37,87.5,71,4,0,114,249,25,93,11.25,25.25,12.5,17.25,22.5,16.5,8,42.5
Iowa St.,,58,121,15,46,34,48,12,26.5,18.5,9.5,10.5,12.5,23.5,15.5,41,82.5,50,3,1,37,105,9,43,7.5,22,8.5,20,15.5,10.5,7,24
IU Indy,,44,120,22,61,41,47,12.5,20,12.5,10.5,7.5,15.5,10,7.5,20,75.5,84,3,1,59,119,20,42,10,26.5,16.5,10.5,15.5,11.5,19.5,36
Jackson St.,,80,230,23,82,66,91,11.25,20.75,9.25,14.25,6,17,9.5,6.25,25.5,62.25,91.25,3,1,128,233,54,113,7,30.25,21.5,11.5,17.75,18.5,19.25,31.5
Jacksonville,,75,185,25,71,25,37,15.6666666666667,24.3333333333333,14,18.6666666666667,8,18,12.3333333333333,7.33333333333333,29.3333333333333,66.6666666666667,73.6666666666667,3,1,78,172,19,65,11.3333333333333,23.3333333333333,14.3333333333333,13,11,21,14,36.6666666666667
Jacksonville St.,,77,173,19,64,37,48,9,31,10,9,2.66666666666667,12.3333333333333,5.33333333333333,4.66666666666667,33.3333333333333,70,64.3333333333333,3,1,69,176,30,83,8,25.6666666666667,14,7.33333333333333,13.6666666666667,10.3333333333333,8,21.3333333333333
James Madison,,77,177,32,90,34,53,13.6666666666667,25,13.6666666666667,14.6666666666667,6.33333333333333,39,13.3333333333333,13,27.3333333333333,73.3333333333333,76,3,1,81,159,23,54,4,22.6666666666667,10.6666666666667,9.66666666666667,37,15.3333333333333,13.3333333333333,34.6666666666667
Kansas,,129,254,30,80,46,66,8.5,29.5,19.75,9,6.75,14.25,14.75,15.25,43,83.5,68,3,1,97,245,24,91,9.75,25,12,12.75,13.25,7,9.25,30
Kansas St.,,83,179,28,74,37,58,11.3333333333333,20.3333333333333,17.6666666666667,11.6666666666667,8.66666666666667,14.6666666666667,17.6666666666667,12,36,77,68.3333333333333,3,1,75,178,23,62,14.3333333333333,22,14.6666666666667,16,16,15.6666666666667,8.66666666666667,31.3333333333333
Kennesaw St.,,41,89,26,41,33,54,24.5,20.5,8,12.5,12.5,22,10.5,18.5,29,84.5,77.5,3,1,53,114,10,30,12,20.5,12.5,9.5,17,11,24,25.5
Kent St.,,41,111,11,45,33,43,12,22,7,12,4,18.5,10.5,2,27,63,72.5,3,1,50,106,15,44,7.5,26,18.5,8.5,19.5,11.5,10.5,33
Kentucky,,102,207,34,85,42,59,13,34,23.3333333333333,11,8,14.6666666666667,16.3333333333333,23.3333333333333,44,93.3333333333333,68.6666666666667,3,0,81,212,21,84,11.3333333333333,25.6666666666667,12.6666666666667,11,14.3333333333333,12.3333333333333,10.6666666666667,33.3333333333333
La Salle,,107,239,27,78,69,89,12.25,29.5,12.25,10.25,7,12.25,17.25,13.75,33.5,77.5,64.25,4,0,100,242,29,107,8.5,22.75,13.25,10.5,18.5,8,6,35
Lafayette,,94,235,35,96,36,59,10,20.5,15,11,5.5,19.5,11.5,5.75,28.5,64.75,75,3,1,105,233,28,78,14.5,27.5,16.25,12,16,11.25,13,32
Lamar,,24,64,6,18,17,25,14,17,12,10,10,16,17,10,30,71,97,3,1,32,58,12,26,15,31,21,14,14,16,17,40
Le Moyne,,84,223,34,111,56,78,8.25,19.75,12,14,6.25,20,8.75,5.25,22.5,64.5,86,3,1,124,247,32,96,14.25,29.75,18.75,11,15.75,17,14.5,43
Lehigh,,89,216,27,86,38,64,5.5,18.75,12.5,11.5,3.75,18,8,8,26,60.75,84,3,1,126,248,26,80,14.25,29.25,16.25,9,16.5,15.25,11.75,37.5
Liberty,,108,220,36,98,39,68,6.75,26,15,12,8.75,15.5,16.5,5.75,34.5,72.75,62.75,3,1,92,220,19,63,8,24.5,8.75,12,14.25,9.25,7.5,29
Lindenwood,,96,246,22,91,48,69,12.75,22.25,9.5,11.75,7.25,11.5,15,8.75,32,65.5,79,3,1,111,234,48,117,10.5,27.75,18,13.25,16,14.25,13,27.5
Lipscomb,,129,296,41,129,56,72,7.2,25.6,13.4,12.6,8,13.8,13,9.4,31.6,71,72.6,2,3,145,310,38,120,9.8,27.2,11.2,12.8,15.4,15.4,10.6,38.8
Little Rock,,74,168,21,54,42,63,9.66666666666667,24,14,17,10.3333333333333,23,22.6666666666667,12.3333333333333,28.6666666666667,70.3333333333333,75.3333333333333,3,1,65,179,30,95,19.6666666666667,25,12,16,14.6666666666667,16.6666666666667,15.6666666666667,22.6666666666667
LIU,,72,170,17,52,39,55,10.3333333333333,22.6666666666667,8,11.6666666666667,5.33333333333333,21,10,6,33.3333333333333,66.6666666666667,78,3,1,76,164,26,73,10.3333333333333,23.6666666666667,12.3333333333333,11,14.3333333333333,12.6666666666667,8,32
Long Beach St.,,63,164,26,74,42,54,10,21,9.66666666666667,12.3333333333333,6.33333333333333,12.6666666666667,10.6666666666667,4.33333333333333,17.3333333333333,64.6666666666667,75.6666666666667,3,1,83,162,20,50,10,25,13.3333333333333,12,13.6666666666667,17,5,36.6666666666667
Longwood,,67,159,20,70,70,94,10.6666666666667,27,12.3333333333333,16.3333333333333,10.3333333333333,17.6666666666667,20.3333333333333,15,27.3333333333333,74.6666666666667,63.3333333333333,4,0,69,178,15,71,12.6666666666667,25,9.66666666666667,18.3333333333333,23.3333333333333,12.6666666666667,6.33333333333333,30.6666666666667
Louisiana,,37,95,15,41,22,33,4,23,10.5,17,5.5,21.5,7,5.5,18,55.5,80.5,1,2,52,118,16,47,15,25.5,11,13,15.5,18.5,8.5,31
Louisiana Monroe,,61,180,17,71,35,50,12.3333333333333,25,10.3333333333333,15.3333333333333,8,19,15.6666666666667,13.6666666666667,21.3333333333333,58,80.3333333333333,1,3,83,183,30,88,13,30.3333333333333,13.6666666666667,12.6666666666667,15.6666666666667,18.3333333333333,10.3333333333333,32
Louisiana Tech,,59,119,20,52,30,38,12,26,21.5,10.5,5.5,14,13,8,34,84,71.5,3,1,54,134,12,45,17,20,17,11,16.5,9,7.5,39
Louisville,,43,123,16,58,24,32,13.5,21,13.5,12,9.5,12.5,13,10,22,63,69,3,1,55,118,16,41,10.5,27,12.5,15,17,13,6.5,34
Loyola Chicago,,82,186,22,83,53,75,13,28.6666666666667,17,11.3333333333333,7.33333333333333,18.6666666666667,14,10.3333333333333,38.6666666666667,79.6666666666667,68.3333333333333,3,1,70,180,24,72,11.3333333333333,26,11.6666666666667,13.6666666666667,19.6666666666667,13.3333333333333,6.33333333333333,27.3333333333333
Loyola Marymount,,43,122,17,55,19,25,9,25.5,9,11.5,5,16.5,13,10,24,61,71.5,3,1,49,111,19,48,8,32.5,14.5,13.5,13.5,10.5,4.5,27
Loyola MD,,75,181,22,66,31,48,11,24.6666666666667,10.3333333333333,14.3333333333333,7,15,11,6,32.6666666666667,67.6666666666667,71.3333333333333,3,1,76,171,18,67,9,25.6666666666667,13.6666666666667,13,15.3333333333333,17.6666666666667,9.66666666666667,33.3333333333333
LSU,,82,168,25,78,56,71,10.3333333333333,30,15.3333333333333,14.3333333333333,5.66666666666667,17.6666666666667,20.3333333333333,13.3333333333333,34.6666666666667,81.6666666666667,62,3,1,67,183,9,55,10.6666666666667,20.3333333333333,8.33333333333333,12,19.3333333333333,10,10.3333333333333,29.3333333333333
Maine,,70,176,14,55,32,41,10.6666666666667,21.3333333333333,8,15,8.66666666666667,16.3333333333333,16.6666666666667,8.66666666666667,28.6666666666667,62,73.6666666666667,3,1,83,172,22,70,10,25.3333333333333,12.3333333333333,14.3333333333333,14,14,10,36.6666666666667
Manhattan,,73,185,23,69,40,56,12,27,14.3333333333333,13,5,13.6666666666667,9,7.66666666666667,28.6666666666667,69.6666666666667,80,3,1,90,206,26,80,14.3333333333333,27.6666666666667,13,10.3333333333333,15.6666666666667,17.3333333333333,16.3333333333333,40
Marist,,87,188,31,73,31,45,12.6666666666667,21.6666666666667,13.6666666666667,11,6,16,13.6666666666667,4,32.6666666666667,78.6666666666667,79.6666666666667,3,1,84,163,26,64,8,23.6666666666667,12.3333333333333,11,16.6666666666667,13,9.33333333333333,33.3333333333333
Marquette,,112,248,38,125,70,92,10.75,24.5,16,9,12.25,16,23.5,17,34,83,65.25,3,1,94,225,28,93,11,25.75,12.5,18,16.25,9,9.75,29
Marshall,,79,178,23,73,59,84,10.6666666666667,24.3333333333333,14.6666666666667,10,7.66666666666667,23,16.3333333333333,5.66666666666667,32.6666666666667,80,71.6666666666667,3,1,67,158,12,40,9.33333333333333,26.6666666666667,6.66666666666667,14,21.3333333333333,7,6.33333333333333,33.3333333333333
Maryland,,119,254,29,94,56,82,11.5,27.75,11.75,8.75,9.5,14,20.75,20.75,40,80.75,58,3,1,79,210,25,84,8.25,25.5,9.75,16.75,15.75,7.25,3.5,23.5
Maryland Eastern Shore,,103,229,29,81,53,85,9,23.25,10.5,10.5,3,18,8.5,8.75,29.5,72,87,3,1,124,257,39,122,13.75,27.25,17,7.5,11.75,13.25,6.75,33.5
Massachusetts,,118,273,32,98,41,72,13.5,26,16.5,10.75,8,17.75,19.25,10,40.5,77.25,75,3,1,102,249,38,108,12.25,28.25,15.25,14.25,17.5,12,9.25,29.5
McNeese St.,,47,120,14,50,29,38,10,22,6.5,12,10,20.5,17.5,13,24,68.5,76,1,2,50,111,23,69,11,28.5,15.5,15.5,15.5,10,10,26
Memphis,,87,170,27,55,56,74,9,28,17.3333333333333,14.3333333333333,8.33333333333333,17,19,11.6666666666667,34.6666666666667,85.6666666666667,73,3,1,73,180,28,80,10,21.6666666666667,14.3333333333333,13.3333333333333,19.3333333333333,21,11,27.3333333333333
Mercer,,46,119,16,56,22,34,10.5,23,12,16,9,15.5,13,11,29,65,85,3,1,59,122,17,57,12,30.5,17,11.5,11,21,13.5,40
Mercyhurst,,90,222,25,77,57,74,10,17.75,13.75,11,6.25,15.5,15.5,5.5,25,65.5,69.5,3,1,97,207,24,74,12,24,12.75,15,18.75,11.75,7.5,33
Merrimack,,57,160,16,67,34,44,9,21.6666666666667,5.66666666666667,14,8.66666666666667,15,16,5.66666666666667,18,54.6666666666667,60.6666666666667,3,1,64,156,23,73,11,26,14.6666666666667,16.3333333333333,17.6666666666667,14,5.33333333333333,24
Miami FL,,110,191,32,75,42,52,9.33333333333333,29.6666666666667,18,8,9.33333333333333,14.3333333333333,18.3333333333333,12.3333333333333,44.6666666666667,98,66.3333333333333,3,0,71,164,20,63,6.33333333333333,19.3333333333333,13.6666666666667,11.6666666666667,15.3333333333333,10.6666666666667,7.33333333333333,30
Miami OH,,89,187,32,79,23,32,11,24.3333333333333,13,12,9.66666666666667,16.6666666666667,12,7,27.3333333333333,77.6666666666667,71.3333333333333,3,1,77,160,25,74,7.66666666666667,23.3333333333333,12.6666666666667,14.3333333333333,15,13,8.66666666666667,26
Michigan,,89,166,29,75,40,60,10.6666666666667,25.6666666666667,17.3333333333333,17.6666666666667,8,15.3333333333333,18,14.6666666666667,38,82.3333333333333,63,3,1,69,190,13,58,14.6666666666667,17.3333333333333,8,15.3333333333333,16.6666666666667,14,7,32
Michigan St.,,116,256,16,80,84,105,14.25,30.25,18.5,11,6,15,15.75,21.5,43,83,66.5,3,1,92,245,27,96,9.75,23.75,12.25,13.25,22.25,9.75,12.5,27.5
Middle Tennessee,,85,183,12,55,44,56,12,25.6666666666667,10.3333333333333,12.6666666666667,8,16.6666666666667,20.3333333333333,8.66666666666667,44.6666666666667,75.3333333333333,69,3,1,72,162,16,61,8,23,12.3333333333333,14.6666666666667,14.6666666666667,13,8.66666666666667,32
Milwaukee,,46,126,10,41,28,42,13.5,25.5,6.5,14.5,8.5,24.5,13.5,12,33,65,81.5,3,1,54,109,16,40,8.5,30,17.5,15.5,20.5,18,18,34
Minnesota,,90,210,23,75,55,91,12,22.75,15,9.25,5.75,12,14.5,6.5,29.5,64.5,57.75,3,1,81,207,25,74,11.75,24.25,11.25,13.25,16.25,12,6.75,24
Mississippi,,100,241,37,105,67,90,11.5,24.75,14.5,8.25,10,12.75,19.5,9,27,76,61.75,4,0,85,205,30,85,7.25,27.75,12.5,16.75,19.25,10.5,4.75,21.5
Mississippi St.,,129,266,37,111,59,85,12.5,27,18.75,9,12.25,15.25,24.25,18.5,41.5,88.5,64.5,3,1,90,234,27,90,11.75,25.75,11.75,17.25,16,10.25,7.25,25
Mississippi Valley St.,,49,150,3,33,25,39,7.33333333333333,18.3333333333333,5,20.3333333333333,5.33333333333333,16.6666666666667,7.33333333333333,6,21.3333333333333,42,94.3333333333333,3,1,94,169,25,66,12,26.3333333333333,16,8,12.6666666666667,30.6666666666667,15.6666666666667,44
Missouri,,113,221,35,95,86,122,11,22.5,14.75,11,11.25,15.5,26.5,14,38,86.75,65.25,3,1,90,216,28,74,10,20.5,12.25,17.5,19.75,11.25,7,27.5
Missouri St.,,61,135,16,44,38,61,13.5,28.5,13.5,17,12,24,22.5,14.5,38,88,89,3,1,56,136,15,46,17.5,26.5,12,18.5,22,22,6,35
Monmouth,,87,260,33,99,71,87,14.5,20.25,11.5,12,5.5,21.25,11,10.5,18,69.5,90.25,3,1,118,226,33,85,11,29.75,18,11,15.5,16.5,20.75,36
Montana,,36,104,14,50,28,38,4,13,8,11,9,21,4,0,22,57,92,3,1,62,102,18,42,7,31,24,13,19,15,20,38
Montana St.,,74,176,25,79,41,56,10,21.6666666666667,11.3333333333333,12.3333333333333,8,17,14,10.3333333333333,28,71.3333333333333,82.3333333333333,3,1,78,166,20,46,9,26.3333333333333,12.6666666666667,12.3333333333333,14.3333333333333,12,12.3333333333333,32.6666666666667
Morehead St.,,66,172,15,53,32,52,8.66666666666667,23.3333333333333,11.3333333333333,11.3333333333333,5.33333333333333,13,5,4.66666666666667,26,59.6666666666667,76.6666666666667,3,1,87,180,21,68,9,27.3333333333333,17,7.66666666666667,13.6666666666667,14.6666666666667,8,39.3333333333333
Morgan St.,,81,169,8,34,50,68,11.6666666666667,23.3333333333333,10.3333333333333,15.3333333333333,5,21.3333333333333,14.6666666666667,12.3333333333333,36.6666666666667,73.3333333333333,77,3,1,75,169,22,67,11,19.6666666666667,12.3333333333333,13.6666666666667,18,19,6.66666666666667,30.6666666666667
Mount St. Mary's,,73,166,21,66,44,68,9.66666666666667,29,12,19,6,16.3333333333333,10.6666666666667,4.66666666666667,30.6666666666667,70.3333333333333,77.6666666666667,3,1,85,201,23,84,12,25,12.6666666666667,9.66666666666667,16,21.3333333333333,11.6666666666667,34.6666666666667
Murray St.,,56,107,16,40,28,37,6,26,14.5,12.5,5.5,19.5,7,7.5,31,78,75,2,1,52,117,12,42,10.5,22.5,9,8,11,20,12.5,33
N.C. State,,96,181,16,56,52,75,12,22,17,11,9.66666666666667,20,21,26.3333333333333,48,86.6666666666667,69.3333333333333,3,0,72,169,13,54,12.6666666666667,20,8.66666666666667,17,21.3333333333333,8.33333333333333,9.66666666666667,36.6666666666667
Navy,,101,248,25,87,66,86,12.25,21.25,13,10.75,7.5,17.75,16.75,8,34,73.25,81.5,1,3,107,217,37,96,9.5,26.5,14.5,15.25,20.75,11,12.25,27
Nebraska,,97,226,22,86,94,118,12.75,27.25,12.5,13.5,9,15.75,21.5,15.25,34.5,77.5,65.5,3,1,95,242,40,113,11.25,22,12,17,20.75,12.75,2.75,23.5
Nebraska Omaha,,102,237,32,87,49,70,9.25,26.5,14,12,5,19,10.75,10.25,27.5,71.25,75.75,3,1,107,234,27,92,9.75,25.75,14.25,9.75,15.75,15.25,14.75,34.5
Nevada,,107,207,35,72,78,115,9.5,27.25,16.75,9.5,6,19,13.5,8.25,30,81.75,61.25,3,1,81,225,22,84,11.75,20,9.25,11.75,22.5,8.25,2.5,24.5
New Hampshire,,131,334,46,131,68,107,9,23.6666666666667,12.8333333333333,13.1666666666667,3.66666666666667,15.6666666666667,9.33333333333333,4.33333333333333,25,62.6666666666667,81.1666666666667,3,1,175,375,54,157,13,28.1666666666667,16.6666666666667,9,14.3333333333333,17,15.6666666666667,37
New Haven,,0,0,0,0,0,0,0,0,0,0,0,0,0,0,0,0,0,0,0,0,0,0,0,0,0,0,0,0,0,0,0
New Mexico,,117,256,30,92,70,112,13.25,25,18.25,14.25,11.5,16.25,23.5,19.25,42,83.5,78.5,3,1,113,250,29,94,14.75,28,17.75,19,21.25,14.5,12.25,35
New Mexico St.,,52,118,15,43,39,60,15,31,10,13,4.5,22,7.5,9.5,28,79,72.5,3,1,45,128,17,61,12.5,19.5,13,6,21,11.5,17.5,24
New Orleans,,115,310,30,104,64,97,13,22.6,12,13.6,9.6,16,16.4,10.4,28.8,64.8,78.8,3,1,138,305,46,138,14.6,29.2,17.6,16,15.8,17.2,10.8,36.4
Niagara,,47,117,22,60,22,35,6.5,21.5,12,13,7,21.5,12.5,10.5,24,69,90,3,1,62,126,15,38,14.5,32.5,17,11.5,16,18.5,22,41
Nicholls St.,,95,272,39,114,29,54,16.25,28,13.75,12.5,5.25,16,10,8.5,26.5,64.5,76.5,3,1,102,251,33,116,12.75,31,15.75,8.75,12.75,15,15.25,29
NJIT,,86,219,28,90,30,41,7.5,23,9.5,12.5,3.75,17.5,9,5.25,23.5,57.5,74.5,3,1,103,228,28,78,11.75,27,10.75,8.75,14,14.75,9.25,32.5
Norfolk St.,,76,154,15,47,56,74,7.33333333333333,23.6666666666667,13.3333333333333,12.3333333333333,6.66666666666667,12.6666666666667,14,13,30.6666666666667,74.3333333333333,70.3333333333333,3,1,73,196,37,119,19.6666666666667,21.3333333333333,16,14,13.3333333333333,13.6666666666667,11.3333333333333,23.3333333333333
North Alabama,,94,202,31,80,37,60,12.3333333333333,24.6666666666667,15.3333333333333,10,11,15,24.6666666666667,15.3333333333333,36.6666666666667,85.3333333333333,74.3333333333333,3,1,75,169,32,88,10.6666666666667,26.6666666666667,14.6666666666667,17.6666666666667,15,9,5.33333333333333,28.6666666666667
North Carolina,,95,204,27,77,69,81,12.6666666666667,30.3333333333333,17,8.66666666666667,7,13,12.3333333333333,19.3333333333333,40.6666666666667,95.3333333333333,74.3333333333333,3,1,82,198,26,81,9.66666666666667,24.3333333333333,11.6666666666667,11,14.3333333333333,10.3333333333333,6.66666666666667,29.3333333333333
North Carolina A&T,,81,189,23,66,41,52,6,24,9,9.66666666666667,9.66666666666667,17.3333333333333,12.6666666666667,11.3333333333333,26.6666666666667,75.3333333333333,79.3333333333333,3,1,86,188,21,76,12,32,13.3333333333333,16,17.6666666666667,11,10.3333333333333,42
North Carolina Central,,148,349,42,131,90,118,10.6666666666667,16.6666666666667,12.5,12.8333333333333,7.5,19.5,16.8333333333333,9,28.6666666666667,71.3333333333333,78.6666666666667,3,1,165,317,28,108,11.6666666666667,25.1666666666667,11.3333333333333,16.3333333333333,14.3333333333333,15.1666666666667,11.5,41.6666666666667
North Dakota,,43,108,10,34,37,51,10,24.5,9,17,5.5,18.5,13,5,28,66.5,76.5,3,1,60,115,8,35,8,29,18.5,12.5,21,15,16,44
North Dakota St.,,80,173,35,97,42,55,7,25.3333333333333,15.3333333333333,10,2.66666666666667,18.3333333333333,9.66666666666667,5,27.3333333333333,79,81,3,1,93,193,22,75,10.6666666666667,26.3333333333333,9,6,21.6666666666667,14,5.66666666666667,34
North Florida,,128,271,46,126,44,66,12,25.75,11.75,10,5.75,15.25,13.25,12.25,36,86.5,80,3,1,122,255,26,79,11.25,26,16.5,11.25,14.75,13.75,15.75,46
North Texas,,46,110,14,41,28,40,14,24,10.5,9,8.5,15,15.5,7.5,30,67,57,3,0,37,95,14,49,8,22.5,10,13,16,8,5,21
Northeastern,,125,228,31,81,33,51,6,26.25,17,12.5,8.25,14.5,18,11.25,44.5,78.5,67.25,3,1,100,235,28,97,9.75,21.5,13.25,12,12,11.75,3,30.5
Northern Arizona,,48,121,13,52,15,22,12,20.5,13.5,10.5,4.5,15.5,11,2.5,24,62,73.5,3,1,52,108,20,44,10,25.5,15.5,11.5,14,14,7,28
Northern Colorado,,63,138,22,65,18,25,8,27.5,14,11.5,8.5,22.5,14,8.5,35,83,79.5,3,1,50,129,10,45,14,31.5,8.5,14.5,15,10,7.5,36
Northern Illinois,,67,161,22,73,48,66,8.33333333333333,25,10,15,6.33333333333333,17,17,13.3333333333333,27.3333333333333,68,74,3,1,75,168,23,57,10.6666666666667,26.3333333333333,12.3333333333333,14.3333333333333,19.3333333333333,21.6666666666667,9.66666666666667,26
Northern Iowa,,83,170,27,61,27,43,5.66666666666667,24,15.6666666666667,10.6666666666667,5,16,9.33333333333333,8.66666666666667,31.3333333333333,73.3333333333333,75.6666666666667,3,1,83,185,16,48,11.6666666666667,26.6666666666667,9,10,14.6666666666667,13,8.66666666666667,36.6666666666667
Northern Kentucky,,55,158,18,74,43,60,8.33333333333333,25.3333333333333,13.3333333333333,15,7.33333333333333,15.6666666666667,10.3333333333333,6.33333333333333,17.3333333333333,57,69,3,1,77,182,21,67,12.6666666666667,28,14.6666666666667,13,15.3333333333333,15.6666666666667,8.33333333333333,34.6666666666667
Northwestern,,132,278,30,91,69,98,10.6,25,14.4,13.6,8.6,15.6,14.2,6.6,31.6,72.6,64.4,3,1,116,272,29,101,8.8,21.6,14.4,14,17.4,16.8,6.2,28
Northwestern St.,,49,122,19,44,23,41,13,23.5,11,11.5,8,21.5,7.5,4,20,70,81.5,3,1,50,108,15,46,10.5,27.5,13.5,10.5,22,10,14,32
Notre Dame,,93,174,25,64,48,61,10,34.3333333333333,16.6666666666667,12,4.66666666666667,13.6666666666667,8.66666666666667,11.3333333333333,38,86.3333333333333,66.6666666666667,3,1,69,196,30,97,11,20.3333333333333,14.3333333333333,8.66666666666667,15,14.3333333333333,9.66666666666667,21.3333333333333
Oakland,,62,174,13,73,17,32,10.3333333333333,19,7.66666666666667,13.3333333333333,6.66666666666667,12,11,4,28,51.3333333333333,77,3,1,88,173,24,65,10,28,19.3333333333333,11,11,13,13.6666666666667,38
Ohio,,105,235,37,98,58,78,9.25,20.25,12,12,6.25,31,18.25,11.5,32,76.25,85.75,3,1,120,226,44,82,9.5,25.25,15.75,14,33.5,18.5,10.25,32
Ohio St.,,78,175,32,80,37,49,10.3333333333333,27.6666666666667,14.6666666666667,13.3333333333333,6.33333333333333,28,9,2.33333333333333,26,75,65.6666666666667,3,1,58,176,18,70,13.6666666666667,21.6666666666667,10.6666666666667,11,9.66666666666667,13.3333333333333,5,23.3333333333333
Oklahoma,,93,192,29,79,36,49,12,24.6666666666667,18,10.6666666666667,12.3333333333333,14,25.6666666666667,21.3333333333333,40.6666666666667,83.6666666666667,60.3333333333333,3,1,70,165,17,65,8,22,7.66666666666667,18.3333333333333,12,9.66666666666667,6.33333333333333,30.6666666666667
Oklahoma St.,,87,194,24,64,56,72,12.6666666666667,25,15.3333333333333,10,11.3333333333333,15.6666666666667,25.6666666666667,21.3333333333333,38.6666666666667,84.6666666666667,75,3,1,81,174,40,95,7.33333333333333,25.3333333333333,15.6666666666667,19,16,9.33333333333333,6.33333333333333,25.3333333333333
Old Dominion,,103,256,29,98,39,63,13.75,24.5,9.5,15,6,12.5,9,13.5,27,68.5,85.75,3,1,126,255,32,84,13.25,27.25,15.25,9,13.25,18,16.5,44
Oral Roberts,,47,126,14,51,25,32,15,24,7.5,12,4,10,5.5,4,31,66.5,82.5,3,1,57,109,20,44,6.5,27.5,19,7,15.5,17.5,11.5,35
Oregon,,90,191,20,72,53,67,12,30.6666666666667,16.3333333333333,12,8.33333333333333,16.6666666666667,16.3333333333333,13.6666666666667,40,84.3333333333333,69,3,1,78,196,26,90,9.33333333333333,23,14,13.6666666666667,22.3333333333333,11,3,26
Oregon St.,,81,171,25,77,39,51,9,27.3333333333333,16.3333333333333,9.33333333333333,8,16,17.3333333333333,14.3333333333333,31.3333333333333,75.3333333333333,52,3,1,54,162,17,72,9.66666666666667,21.6666666666667,9.33333333333333,13.3333333333333,18,7.33333333333333,5.33333333333333,19.3333333333333
Pacific,,72,171,14,50,45,66,11,26.6666666666667,11,12.3333333333333,4.66666666666667,18.6666666666667,11.6666666666667,6,35.3333333333333,67.6666666666667,67.6666666666667,3,1,70,179,11,66,11,26,9.33333333333333,10,19.3333333333333,10.3333333333333,7.33333333333333,32.6666666666667
Penn,,89,220,32,98,65,99,12,22.75,13,9.75,4.25,15.75,8,4.75,27.5,68.75,73,2,2,104,241,33,89,14.25,25.25,12,9.75,18.25,13.75,6.5,32
Penn St.,,134,260,40,103,81,111,11.25,28,18.25,10.75,15.25,17.5,26.5,20.5,44.5,97.25,61.5,3,1,85,225,29,92,10,23.75,12.5,21.5,23,8.25,7.75,25.5
Pepperdine,,75,158,21,56,44,59,5.33333333333333,26.6666666666667,14,13.3333333333333,4.66666666666667,12.6666666666667,11,10.3333333333333,29.3333333333333,71.6666666666667,79.3333333333333,3,1,85,195,31,86,11.3333333333333,23.3333333333333,15,9.33333333333333,14,19,9.33333333333333,34
Pittsburgh,,122,242,35,99,69,95,9.5,31.5,14.5,9.25,8,13,17.75,15.25,37.5,87,62.5,3,1,91,238,24,86,9.25,24.75,8.75,13,20.25,8.25,7,27.5
Portland,,66,182,24,82,30,46,9.33333333333333,27.3333333333333,11.3333333333333,12.3333333333333,4.66666666666667,16.3333333333333,11,2.33333333333333,22.6666666666667,62,78.3333333333333,3,1,85,192,32,95,10.3333333333333,32,16.6666666666667,9.33333333333333,13.6666666666667,14,11,28.6666666666667
Portland St.,,64,128,20,44,29,46,11,21.5,14,19.5,9.5,26,30.5,14.5,43,88.5,88,3,1,55,117,17,45,11.5,25.5,13.5,21,23,21,23.5,36
Prairie View A&M,,44,124,17,45,35,47,9.5,18.5,12,10,6,22,14.5,14,26,70,88,3,1,56,120,14,48,13,33,16.5,13.5,21,11.5,9,37
Presbyterian,,107,214,28,67,47,75,10,19.75,12.25,11.75,4.75,16.75,11.5,9.75,37,72.25,80.5,3,1,114,225,38,94,9.5,21.25,16.5,9.75,14.25,15.5,15.5,37.5
Princeton,,130,277,49,120,62,95,7.2,24.4,15.2,10.6,5.4,13.4,11.8,8.4,30,74.2,70.8,3,1,134,296,35,111,9.6,25,14,12,17.2,11.2,7,34
Providence,,94,215,36,116,50,84,12.75,30.25,13.5,14.25,5.75,15.75,13,3.5,28.5,68.5,55,3,1,74,219,21,83,8.5,22.25,7.25,11,18.25,12.75,2.5,20.5
Purdue,,117,221,40,87,67,98,8.25,26.25,19.5,10.5,5.25,12.5,10.5,8,32.5,85.25,71.25,3,1,108,252,28,97,11,21,16,10,18.25,10.25,6.75,38
Purdue Fort Wayne,,84,185,30,82,54,66,10,22.6666666666667,10.3333333333333,9.66666666666667,7.66666666666667,16.6666666666667,18,11.3333333333333,36,84,72.6666666666667,3,1,75,168,20,71,9,24.6666666666667,11.3333333333333,14.6666666666667,18.6666666666667,10.3333333333333,9,30
Queens,,65,192,28,91,29,49,9.66666666666667,25.6666666666667,13,14,6,14.6666666666667,14,9.33333333333333,24.6666666666667,62.3333333333333,83,3,1,96,217,32,86,16.6666666666667,36,15.6666666666667,13.6666666666667,15,15.6666666666667,10.3333333333333,39.3333333333333
Quinnipiac,,69,183,19,83,36,45,10.3333333333333,22.6666666666667,11.3333333333333,14.3333333333333,10.6666666666667,17.3333333333333,13.3333333333333,9,28.6666666666667,64.3333333333333,79.6666666666667,3,1,84,197,24,73,16.3333333333333,27.3333333333333,16.3333333333333,14.6666666666667,14,14.6666666666667,16.3333333333333,35.3333333333333
Radford,,111,228,34,87,68,103,12.25,23.75,12.5,10.75,5.5,15.25,16.75,12.5,32,81,82.25,3,1,107,236,45,118,11.5,22.25,14.75,11.25,16.25,14.25,15,28
Rhode Island,,59,109,12,32,57,70,6,33,16.5,9.5,4.5,24,15,24.5,46,93.5,67.5,3,1,44,131,16,63,13.5,22,12.5,12,26.5,4.5,5.5,24
Rice,,85,212,33,105,82,128,12,28.5,13.25,15,6,22.25,10.5,9,21,71.25,67,3,1,90,232,25,84,11.25,26,10.75,12.5,23.25,17.5,14.5,27.5
Richmond,,67,176,17,71,45,64,7,26.3333333333333,9,10,8.66666666666667,21,12.3333333333333,6,28,65.3333333333333,74.6666666666667,3,1,68,163,27,79,7.66666666666667,31,12.6666666666667,13,15,7,2,26.6666666666667
Rider,,90,217,26,78,66,96,11.75,26.25,13,14.25,5,15.75,8.25,6.5,23.5,68,71,3,1,106,249,28,95,12.25,23.5,15,10.5,16,13.75,8.75,32
Robert Morris,,97,250,34,103,48,67,13.5,26.25,12.25,14,4.75,16.75,14.5,7,30.5,69,70.75,3,1,97,217,26,77,6.5,27.25,11,12.5,14.25,17,14,31
Rutgers,,86,163,21,59,55,78,7.66666666666667,30.6666666666667,17.6666666666667,8.66666666666667,6.66666666666667,12.6666666666667,15.6666666666667,23.3333333333333,39.3333333333333,82.6666666666667,66,3,1,75,194,28,72,12,22.3333333333333,12.3333333333333,10,20.3333333333333,9.66666666666667,7.66666666666667,23.3333333333333
Sacramento St.,,65,161,26,89,24,38,9.66666666666667,26,12,16.6666666666667,5,23.3333333333333,13.3333333333333,6.33333333333333,22,60,69,3,1,65,165,22,75,12,25.3333333333333,12.3333333333333,12.3333333333333,17.6666666666667,19.3333333333333,10.6666666666667,24
Sacred Heart,,128,303,42,112,59,87,10.8,23.4,13.2,12.6,7,17.6,14.2,10.8,32.8,71.4,79.8,3,1,131,276,53,135,9.8,26.4,17,12.8,13.8,13.4,9.4,28.4
Saint Francis,,113,284,35,120,43,62,7.8,21.6,10,16.6,7.6,16.6,15,8.6,27.6,60.8,79.4,3,1,142,297,39,133,11.2,27.8,15.4,14.4,13.4,18.4,13.2,38.4
Saint Joseph's,,103,233,34,105,66,85,10.5,25.75,14.5,12.25,7.75,12.75,17.25,15.25,31.5,76.5,70.25,3,1,106,247,30,92,10.5,24.25,12.75,13.25,17.25,12.5,10.25,35
Saint Louis,,56,122,23,63,20,29,10.5,27.5,13,14.5,3.5,17.5,8.5,5,31,77.5,78,3,1,51,128,22,64,14,24.5,9.5,12,15.5,12.5,8,26
Saint Marys,,113,237,28,80,72,104,16,24.75,16.25,9.75,7.25,17.25,13.25,10,39.5,81.5,71.25,3,1,100,231,30,78,9.5,19.25,14.5,10.25,21,9.5,9,27
Saint Peter's,,113,218,38,102,47,71,12.5,24.5,10.75,14.25,4.75,25,12,7.75,20.5,65.25,68.5,3,1,86,209,18,69,10.25,22,11,9.5,14.5,13.25,14.75,30.5
Sam Houston St.,,80,179,34,79,39,57,11.6666666666667,19.6666666666667,17.3333333333333,15.3333333333333,7.33333333333333,20,15.6666666666667,11.6666666666667,24,77.6666666666667,85.6666666666667,3,1,96,180,28,66,13,24,20,16.3333333333333,18.3333333333333,16.3333333333333,11.3333333333333,38.6666666666667
Samford,,92,205,40,104,56,77,12.6666666666667,25.3333333333333,16.6666666666667,14.3333333333333,10.3333333333333,21.3333333333333,19.3333333333333,15,34,93.3333333333333,88.6666666666667,4,1,89,200,20,74,15.6666666666667,28,19.3333333333333,16,17,16.6666666666667,23,42
San Diego,,100,242,23,85,60,82,11.75,24.75,13,15.5,8.25,18.75,15.5,17.75,32,70.75,72.75,3,1,100,236,33,97,10.75,26,12.75,15.5,19.5,12.75,8.5,30
San Diego St.,,22,50,8,22,11,15,5,33,13,14,6,12,12,11,22,63,58,3,1,20,61,10,26,9,23,10,8,16,9,3,20
San Francisco,,119,235,34,98,64,83,10.25,27.5,17,13.5,9,14.75,22,14.5,36.5,84,60.5,3,1,83,233,26,94,9.75,21.25,8.75,17,14.25,12.75,9,24
San Jose St.,,81,212,18,70,70,87,7.75,22.25,7,7.5,5,16.75,8.5,7.5,24.5,62.5,70.75,3,1,105,220,27,84,8.5,26,11.75,9.75,16.75,8,6,35
Santa Clara,,109,265,32,122,48,71,13.25,22.5,10.75,9.75,8.75,23,15.5,7.25,36.5,74.5,83,3,1,107,219,51,121,8.5,29.75,17,14.25,20.25,11,10.5,26
Seattle,,104,218,36,86,61,91,8.75,22.75,12.75,12.5,7,16.5,12.25,9,29,76.25,76.25,3,1,111,216,30,85,6,22.25,13.75,11.75,18.5,13.5,10.5,37
Seton Hall,,73,190,23,63,46,80,10.75,23.75,11.25,13.75,7.5,15.25,11.5,5.5,23,53.75,46.75,3,1,62,186,23,83,8.75,22.5,9.25,15.25,18.75,14.5,8.75,17
Siena,,99,241,28,81,70,93,14.75,21,9,14,8,19.25,15.25,1.75,27.5,74,73.75,3,1,102,229,28,70,12.75,23.75,10,15,20.5,13.75,8.5,34
SIU Edwardsville,,136,323,43,130,36,60,13.4,24.6,14.8,13,5.8,18.4,12.8,10.6,32.8,70.2,72,3,1,120,288,44,129,11.6,25.6,12.8,12,13,15.6,7.2,26
SMU,,122,257,32,88,73,97,14,26.25,16.75,11.5,10.25,18.25,21,21.5,39,87.25,71,3,1,89,229,32,87,11,24.25,12.75,16.5,16.5,12.25,8.25,22
South Alabama,,89,222,33,115,58,82,9.75,29.25,13.75,10.75,6,11.5,12.75,14,25.5,67.25,67,3,1,91,237,46,137,9.75,26.75,16,11.25,13.75,16.25,11,21.5
South Carolina,,106,235,27,93,69,103,12.5,27.75,15.5,12.5,5.5,17,14.75,14,36,77,69.75,3,1,95,241,26,87,13.25,22.75,10,11,19,11.75,9.25,26.5
South Carolina St.,,68,185,11,50,41,71,14,20,11.6666666666667,13.3333333333333,10.3333333333333,18,16.3333333333333,10,28.6666666666667,62.6666666666667,77.3333333333333,3,1,81,171,21,61,13,29.6666666666667,16.3333333333333,16.3333333333333,16.6666666666667,17.6666666666667,12,34.6666666666667
South Dakota,,90,184,23,69,58,87,11.6666666666667,23.6666666666667,14,14,6.66666666666667,21.3333333333333,17.6666666666667,9.66666666666667,40.6666666666667,87,86,3,1,95,200,23,77,12.6666666666667,26.3333333333333,13,13.3333333333333,23,17.6666666666667,15,46.6666666666667
South Dakota St.,,80,188,22,75,47,60,12.6666666666667,28.6666666666667,10.6666666666667,12,4,16.3333333333333,9.33333333333333,6.33333333333333,35.3333333333333,76.3333333333333,76.6666666666667,2,1,76,178,27,81,7,25,10.3333333333333,9,17.6666666666667,13,8.66666666666667,25.3333333333333
South Florida,,105,246,32,108,71,96,12.25,26.75,15.25,12.5,7.5,18.5,11.5,15.5,34,78.25,77,3,1,105,240,21,89,10.5,26.75,13,12,21,15.5,10.25,37
Southeast Missouri St.,,85,190,24,74,24,40,6.66666666666667,23.3333333333333,13,11,7.66666666666667,24.6666666666667,14.6666666666667,6.33333333333333,27.3333333333333,72.6666666666667,86.6666666666667,3,1,83,177,22,74,12.3333333333333,30,12.3333333333333,13.3333333333333,14,13.6666666666667,7.66666666666667,36.6666666666667
Southeastern Louisiana,,19,54,9,25,12,17,9,28,12,19,5,20,7,5,16,59,80,3,1,27,62,7,28,13,28,15,11,11,16,14,38
Southern,,83,188,19,52,36,61,12,23.3333333333333,13.6666666666667,14,8.33333333333333,18,16,10.6666666666667,41.3333333333333,73.6666666666667,84,3,1,89,174,35,87,8,26.3333333333333,19,14,17,16.3333333333333,15.3333333333333,35.3333333333333
Southern Illinois,,74,173,19,59,54,80,10.6666666666667,23.6666666666667,11,15,7,22,10.3333333333333,7.66666666666667,32,73.6666666666667,84,3,1,83,166,22,56,9.66666666666667,25.6666666666667,16,11.6666666666667,21,20,10,36.6666666666667
Southern Indiana,,105,229,29,76,53,68,7,25,10,12.25,6.25,13.25,12.25,11.75,32,73,79.25,3,1,105,231,39,107,9.5,25.25,11.25,11.75,10.5,14.25,7,32.5
Southern Miss,,59,118,15,44,28,35,5.5,25.5,16,17,6.5,13.5,14.5,4.5,18,80.5,83,3,1,66,142,17,53,11,22.5,17,11.5,14,23.5,17,29
Southern Utah,,52,107,13,42,42,66,10,30,12,16.5,5.5,18.5,12,21.5,35,79.5,74,3,1,56,130,11,35,10.5,23.5,13,11.5,20.5,18.5,22.5,38
St. Bonaventure,,103,224,28,95,68,100,12,26.75,11.75,11.75,8,10.75,15.75,12.75,35.5,75.5,62.75,3,1,92,232,36,107,9,22,13.25,13.75,18.5,8.25,5.5,23.5
St. John's,,123,247,29,87,64,91,13.25,29.25,18,13.5,8.75,15.25,18,22.25,38.5,84.75,62.25,3,1,89,239,29,95,12,20.75,13,15,15.75,10.75,5.75,26.5
St. Thomas,,57,115,23,54,24,34,8.5,28.5,15,17,4,16.5,12.5,4,33,80.5,78,3,1,53,123,16,57,8.5,22.5,15.5,10,17.5,15,16,35
Stanford,,113,242,39,106,69,85,12.75,23.75,15,9,9.75,18.75,18.75,10.5,34,83.5,61,3,1,84,197,19,67,7,20,7.5,14.5,18.25,9,4.5,23.5
Stephen F. Austin,,36,103,8,31,20,36,15.5,24,6.5,17.5,6.5,22,11,3,23,50,62.5,3,1,40,104,18,52,14.5,22.5,13.5,14,15,15.5,5.5,21
Stetson,,73,167,20,68,26,46,8,24.3333333333333,11.6666666666667,14,5.33333333333333,11,7.66666666666667,9.33333333333333,32.6666666666667,64,79.3333333333333,3,1,92,207,28,77,13.3333333333333,26,17,9,15.6666666666667,15.3333333333333,11.3333333333333,37.3333333333333
Stonehill,,83,209,43,108,54,81,6.25,25,14.25,13.5,7.75,19,15,7.25,17,65.75,73.5,3,1,101,248,33,100,15.75,28.75,11.5,14,14.25,14.75,8,29
Stony Brook,,67,178,19,69,38,58,12,19.6666666666667,10,12.6666666666667,5.33333333333333,16.3333333333333,11.3333333333333,8.33333333333333,28,63.6666666666667,89.3333333333333,3,1,100,185,27,82,12.3333333333333,29,18.3333333333333,10.3333333333333,18.3333333333333,16.6666666666667,14.3333333333333,45.3333333333333
Syracuse,,99,215,17,67,49,77,14.6666666666667,32.3333333333333,17.6666666666667,9.66666666666667,4,13,12.6666666666667,11.3333333333333,46,88,83,3,1,88,193,27,83,6,28.3333333333333,11.3333333333333,10.6666666666667,21,14.3333333333333,14.6666666666667,34
Tarleton St.,,72,190,19,54,54,82,7.5,18.25,10.5,23.5,7.5,20,12.75,6.75,17.5,54.25,90.75,3,1,117,235,44,105,15.25,24.75,18.25,15.25,16.5,28.75,20.75,31
TCU,,117,243,27,74,47,77,9.75,22.75,15.5,12.75,8.25,12.75,13,12.5,26.5,78,64.25,3,1,77,192,22,83,6,19.75,11.25,14,16.75,10.5,9,23
Temple,,108,232,33,80,73,104,10.25,27.5,11.5,9.75,6.25,13.5,14.5,7.25,31,80.5,69.25,3,1,100,263,27,100,15,24.25,14.25,10.75,19.5,9.25,7.25,30.5
Tennessee,,157,268,41,98,89,115,9.4,28.2,19.6,13.6,7.8,17,19,17.2,43.6,88.8,60.2,3,1,98,281,40,145,8.4,15,9,13,19.6,10,2,22
Tennessee Martin,,69,182,28,90,32,50,13,28.3333333333333,13,16.3333333333333,8.66666666666667,18,10.6666666666667,6,26.6666666666667,66,72,3,1,72,186,24,96,12.3333333333333,27,12,12.6666666666667,14.3333333333333,19.3333333333333,11.6666666666667,26
Tennessee St.,,115,243,21,72,59,109,13.5,28.5,10.5,16.25,7.5,21.75,13.75,5.75,36,77.5,81.75,3,1,117,258,30,85,12.75,25.25,16.75,13.25,20.5,16.25,12.25,37.5
Tennessee Tech,,106,236,43,123,29,50,6.75,21.75,16,13.25,8.5,15,9.75,11.25,28,71,77.5,3,1,117,263,28,98,16,28.5,15.75,14,12.5,14,11.25,42
Texas,,126,238,31,80,73,102,10.25,28.5,15.75,8,6.75,13.75,20.25,15,40.5,89,60,3,1,81,226,33,95,8.25,20.75,9,14.5,18.25,7.5,4.25,17.5
Texas A&M,,108,231,32,85,75,110,14.5,27.75,15.25,12,6.25,12,15,9.5,37,80.75,63.5,3,1,81,225,29,98,10.75,20,12,12.25,23.75,11.75,6.25,22.5
Texas A&M Corpus Chris,,85,190,20,63,46,75,10,22.6666666666667,15.6666666666667,12.3333333333333,7.66666666666667,23.3333333333333,15,16.6666666666667,38,78.6666666666667,91,3,1,89,178,27,71,12,27,18.3333333333333,13.6666666666667,15,16,16.6666666666667,39.3333333333333
Texas Southern,,98,250,20,72,61,80,10.75,24.5,14.75,12.25,7.75,22,11,9.75,25,69.25,87,3,1,100,240,49,137,12.5,29.5,17.25,11.5,16.5,14.75,10.5,21.5
Texas St.,,59,142,15,40,62,80,6,25.3333333333333,10.6666666666667,14.3333333333333,6.66666666666667,16,14,12.3333333333333,24,65,64,3,1,69,159,18,51,9.66666666666667,24.3333333333333,12,15,19.3333333333333,16.3333333333333,15,30
Texas Tech,,104,181,32,67,36,50,11.3333333333333,27.3333333333333,17.6666666666667,11.3333333333333,10.3333333333333,15,21,18.6666666666667,39.3333333333333,92,58.3333333333333,3,1,65,172,17,48,12,16.3333333333333,9.33333333333333,15.3333333333333,17.6666666666667,7.33333333333333,3,22
The Citadel,,77,181,20,77,33,52,13,28,13.6666666666667,13.6666666666667,5,20,8,6.66666666666667,34.6666666666667,69,67.6666666666667,3,1,68,168,11,46,9.66666666666667,26,7,9.33333333333333,15.6666666666667,13,10.6666666666667,31.3333333333333
Toledo,,120,250,19,65,73,96,9.25,27.5,15,9.5,5.25,11.75,13,12,46.5,83,77,3,1,122,266,28,88,11,26,12.5,11,15.25,10.75,6.75,42
Towson,,67,173,18,59,38,61,11.3333333333333,19.3333333333333,9,9.66666666666667,7.33333333333333,17,9.66666666666667,8.33333333333333,28,63.3333333333333,73,3,1,74,164,19,65,11,27.3333333333333,13.6666666666667,12.6666666666667,15,11.3333333333333,13.3333333333333,34
Troy,,108,252,20,90,36,53,14.25,25.5,15,18.5,9.25,18.75,14.5,7.75,39.5,68,70.5,3,1,105,246,24,82,11.25,23.5,15.75,14.5,15.75,18.5,12.5,36
Tulane,,78,173,31,78,44,60,10.6666666666667,27,15.6666666666667,11.6666666666667,8.33333333333333,15,17.3333333333333,8.66666666666667,30,77,63.3333333333333,3,1,62,180,25,82,14,24,16,13.3333333333333,13,15,13,22.6666666666667
Tulsa,,97,217,27,91,73,103,15.3333333333333,26.3333333333333,16.3333333333333,10,10.6666666666667,18.6666666666667,24.3333333333333,14.3333333333333,42.6666666666667,98,89,3,1,94,196,24,73,12.6666666666667,31,11,16.6666666666667,15,11,9.33333333333333,40.6666666666667
UAB,,84,199,14,53,43,61,16,27.3333333333333,10.6666666666667,10.3333333333333,7,16.6666666666667,19.6666666666667,18,40.6666666666667,75,73,3,1,75,179,26,73,10,25.3333333333333,11.6666666666667,11.6666666666667,15.3333333333333,11.6666666666667,8,32
UC Davis,,73,180,18,70,53,69,9.66666666666667,27,7.33333333333333,14.3333333333333,6,21,16.6666666666667,6.33333333333333,28,72.3333333333333,77.6666666666667,3,1,77,182,22,70,12.6666666666667,29.3333333333333,13,14.3333333333333,20.3333333333333,14,11.6666666666667,34.6666666666667
UC Irvine,,83,179,22,60,38,43,8.66666666666667,33.6666666666667,15,12.3333333333333,4,13,10.3333333333333,3,36,75.3333333333333,57.6666666666667,3,1,66,178,19,63,5.33333333333333,23,10,9.66666666666667,15,11,6.33333333333333,26.6666666666667
UC Riverside,,81,184,26,75,38,58,8.66666666666667,24,12.3333333333333,8.66666666666667,6.33333333333333,20.3333333333333,11.6666666666667,4,26,75.3333333333333,82,3,1,90,188,19,62,12,28.3333333333333,13.6666666666667,9.33333333333333,18,12.3333333333333,9,42.6666666666667
UC San Diego,,97,232,39,108,54,78,9.5,19.75,15.25,8.75,8.5,19,18.75,11.5,27,71.75,69.25,2,2,92,191,35,92,7.25,28,13.25,15.75,16.5,9.25,8.75,23
UC Santa Barbara,,87,175,34,85,41,53,8.33333333333333,29,15.6666666666667,12,5.66666666666667,13.3333333333333,16.6666666666667,10,31.3333333333333,83,66,3,1,73,187,19,76,10.3333333333333,22.6666666666667,10,11,15.3333333333333,13,10.6666666666667,32
UCF,,74,169,23,74,68,86,10.6666666666667,27.6666666666667,15.3333333333333,13.3333333333333,7.66666666666667,17,11.6666666666667,8.66666666666667,27.3333333333333,79.6666666666667,74.3333333333333,3,1,80,192,29,86,11.6666666666667,22.3333333333333,12.6666666666667,12.6666666666667,19.6666666666667,13.3333333333333,7,32.6666666666667
UCLA,,109,236,23,87,64,86,12.75,27.75,15.5,13.25,9.25,17.75,21.25,13.75,34,76.25,51.75,3,1,74,209,23,83,9.25,20.25,11,19,19.25,11,8.75,20.5
UMass Lowell,,42,104,9,32,42,52,5.5,23.5,9.5,17,5.5,18,14,9.5,27,67.5,93.5,3,1,66,134,19,48,13.5,28,17,12,22,23.5,20.5,44
UMBC,,74,178,22,64,37,60,11,22.3333333333333,12.3333333333333,13.3333333333333,8,14.3333333333333,14.3333333333333,11.6666666666667,32,69,79.6666666666667,3,1,87,180,25,64,12.3333333333333,27.6666666666667,12,14.6666666666667,19,13.3333333333333,11,36.6666666666667
UMKC,,40,129,16,64,16,17,10.5,21,10.5,11,8,10.5,7.5,5.5,18,56,80.5,3,1,60,125,21,59,12,33.5,20.5,10.5,13.5,14.5,11,37
UNC Asheville,,47,136,17,51,19,36,14,18,11.5,12,6,21.5,12,3.5,21,65,96,3,1,63,116,16,42,13.5,34,17.5,11.5,13,16.5,27.5,43
UNC Greensboro,,46,119,17,51,32,42,11.5,28.5,12.5,11,6,16,10.5,9,24,70.5,72.5,3,1,50,121,15,53,10.5,27,13,9.5,17.5,13.5,7.5,29
UNC Wilmington,,49,111,10,44,73,96,12,30,12,11,5.5,18,14,9,35,90.5,84.5,3,1,59,124,17,49,8.5,25,12.5,12.5,29,13,16,37
UNLV,,82,173,22,63,61,79,10,24,14.6666666666667,10.6666666666667,8.66666666666667,16,22,10,34,82.3333333333333,76,3,1,79,171,25,67,9.33333333333333,24.6666666666667,16,14.6666666666667,19.6666666666667,10,9.33333333333333,28.6666666666667
USC,,91,183,19,63,49,68,7.33333333333333,20.6666666666667,21,8.33333333333333,7,17,15,2.66666666666667,38,83.3333333333333,71.6666666666667,3,1,66,152,26,70,9.33333333333333,24.3333333333333,16.3333333333333,16.3333333333333,19,10,9.33333333333333,24
USC Upstate,,109,245,32,98,55,73,10.5,22.75,13.25,15.5,5.75,22.25,9.25,11,33.5,76.25,91,3,1,125,246,29,93,11.75,25,15.5,9.75,17,17,11.75,43
UT Arlington,,58,120,25,56,31,40,10.5,20.5,22,13.5,4,20,10.5,12.5,29,86,95,3,1,66,124,16,43,9,20,22.5,8.5,12.5,19.5,11.5,44
UT Rio Grande Valley,,124,271,41,129,33,47,12,24.25,13.75,14,9.5,18.75,18,9,37.5,80.5,80,3,1,111,229,31,98,9,26,14.5,15.5,14.25,15,8.5,38
Utah,,125,256,61,146,56,81,12.75,32.25,20.5,12.25,8.5,15.5,15.25,11.5,28.5,91.75,66.25,3,1,88,253,29,106,12.5,23.25,12.25,12,18.25,11,5.75,26.5
Utah St.,,75,138,19,53,35,45,18,26,26,8,11.5,14,25,25.5,55,102,60,3,1,41,107,15,43,10,16,9.5,18.5,17.5,7.5,3,24
Utah Tech,,59,176,18,83,53,83,10.3333333333333,21,9,9,7.33333333333333,18,9.33333333333333,10,20.6666666666667,63,80.3333333333333,3,1,88,179,19,59,14,32.6666666666667,14,13.3333333333333,17.6666666666667,12,11.6666666666667,38
Utah Valley,,50,103,14,37,46,64,10,30.5,17.5,17,8,21.5,15.5,11.5,32,80,68.5,3,1,41,117,10,33,11.5,21,10.5,13.5,24.5,16.5,10.5,29
UTEP,,15,57,5,15,25,29,8,20,8,14,10,31,15,15,20,60,89,3,1,25,48,10,19,9,35,23,19,24,16,13,28
UTSA,,41,126,14,54,40,50,13.5,20.5,9,12.5,10.5,15,20,15.5,23,68,83,3,1,61,117,19,42,9,32,18,16,17,20,13.5,34
Valparaiso,,44,117,6,34,36,45,12,22,7.5,11,4,14,7.5,4.5,32,65,79,3,1,62,117,15,38,7.5,27,15,10.5,17,7.5,4,43
Vanderbilt,,129,268,34,122,74,106,13,28.75,17.75,6.75,10.75,15.75,23.5,17.25,44,91.5,72.25,3,1,100,233,31,79,8.5,27.25,9.75,14.25,21.25,7.75,6.5,30
VCU,,104,226,36,106,66,95,11.75,28,17.25,14,10.25,19.5,19.25,11.75,30.5,77.5,54.75,4,0,74,214,14,62,11,22.5,6.25,18,19.75,10.5,5.75,24.5
Vermont,,77,219,31,102,35,45,8,22.5,9.5,13.5,6,13.5,15.5,5.25,21.5,55,70.75,3,1,107,250,29,82,14.75,29.5,8.5,11.75,14.25,17.75,9,34
Villanova,,136,296,43,123,67,83,12.6,24.2,12.8,12.6,6.4,13.4,13.8,8.2,30.4,76.4,72,2,3,125,272,48,121,6,19.8,15.8,10.8,18.8,9.8,12.6,27.2
Virginia,,70,143,29,65,28,39,4.33333333333333,28.3333333333333,15,11.6666666666667,5.33333333333333,19.6666666666667,12,5.66666666666667,22,65.6666666666667,53.6666666666667,3,0,54,160,24,80,7.66666666666667,22,9.66666666666667,10.6666666666667,8.33333333333333,11,3,16.6666666666667
Virginia Tech,,96,219,30,96,76,107,12.75,24.75,14,15,4.5,19.75,14,4.25,28.5,74.5,68,3,1,93,217,25,85,8.25,19.75,11.75,14,21,15.5,7.25,30
VMI,,79,183,22,75,47,59,10.3333333333333,26,14.6666666666667,10.6666666666667,8.33333333333333,15.6666666666667,10.6666666666667,7,35.3333333333333,75.6666666666667,70.6666666666667,3,1,75,172,28,95,9.33333333333333,25.3333333333333,21.6666666666667,15.3333333333333,17,12,8.33333333333333,29.3333333333333
Wagner,,49,164,13,58,14,24,10.3333333333333,22,9,13.6666666666667,4.66666666666667,18.6666666666667,7.33333333333333,2,18,41.6666666666667,65,3,1,69,141,21,58,6,30.3333333333333,14.3333333333333,12,12,14.3333333333333,18,28
Wake Forest,,125,276,33,123,78,112,9.6,26.8,13,14.6,8.4,14.6,14,7.8,34,72.2,67.6,3,1,116,304,46,141,10.6,23.6,13.2,15.6,18.8,15.6,9.6,24
Washington,,47,118,9,36,29,51,11,27.5,11,14.5,7.5,20,13.5,12,31,66,68,3,1,44,121,10,37,13,28.5,7,14,20.5,10.5,6.5,24
Washington St.,,117,250,38,117,75,97,13.25,28,14.5,15,7.25,22.5,15.75,8.75,37.5,86.75,77.25,3,1,105,245,36,102,10,21.25,13.25,13.25,20.25,21.75,9.5,32.5
Weber St.,,32,105,10,45,32,45,12,20.5,7,13,3.5,17,6.5,2,15,53,82,3,1,57,110,21,45,8,26,21.5,8,19.5,17.5,12,34
West Georgia,,93,244,21,71,43,69,10.75,23,12.25,13.5,6,15,8.5,7.5,30,62.5,82.5,3,1,126,243,36,108,8.5,29.75,18.25,11,13,16.25,16,42.5
West Virginia,,78,179,28,86,40,56,7.66666666666667,27.3333333333333,12.6666666666667,11,9.33333333333333,16.6666666666667,19.6666666666667,13,29.3333333333333,74.6666666666667,71.3333333333333,2,1,75,186,22,72,12,28,10.6666666666667,13.3333333333333,13.3333333333333,12.3333333333333,6,30
Western Carolina,,21,67,3,21,9,16,12,35,7,16,8,22,11,11,36,54,67,3,1,22,70,8,31,17,34,15,14,15,19,18,28
Western Illinois,,96,232,30,97,37,59,10.75,22.75,8.75,10.25,5,11.75,10.75,5.75,27,64.75,70,3,1,98,214,31,88,7.25,25.5,11.25,10,13,11,10.75,28
Western Kentucky,,79,192,19,68,45,65,10.3333333333333,31.3333333333333,9.66666666666667,14.3333333333333,8,18,15.6666666666667,9,36,74,75.3333333333333,3,1,74,187,20,75,9.33333333333333,30.6666666666667,14,13,16,13.3333333333333,9,29.3333333333333
Western Michigan,,94,239,19,73,64,92,10.75,25.75,9.5,7.25,5.75,16,11.75,9.25,31,68.25,73.25,3,1,103,222,39,102,5.75,28,15.5,10.25,19,6.5,9,30
Wichita St.,,86,185,20,54,67,86,11.3333333333333,30.3333333333333,13,9.66666666666667,7.66666666666667,15.3333333333333,15.3333333333333,10,36.6666666666667,86.3333333333333,75.3333333333333,3,1,80,194,26,88,10.6666666666667,25,13.6666666666667,11,19,10.3333333333333,9.66666666666667,33.3333333333333
William & Mary,,132,294,59,169,101,133,11.6,24.8,15.2,14.6,6.2,20.2,16.2,15.2,27.6,84.8,82.6,3,1,141,302,40,129,11.6,23.8,11.8,13.6,18.4,17,15,34.8
Winthrop,,122,283,31,120,109,161,12.8,26.6,9.4,15.8,9.2,9.6,17.2,14.4,36,76.8,74.8,3,1,121,302,50,137,12.2,23.8,12,17,24.6,20.2,8.6,26
Wisconsin,,111,234,42,108,90,100,8.75,26.5,16,9.5,8.5,16.75,14.25,9.25,33,88.5,68,4,0,96,237,32,97,11.25,22.75,9.25,14.5,21.5,9,6.75,24
Wofford,,66,172,26,92,14,22,11,21,12.3333333333333,13.6666666666667,5.66666666666667,15,6,3.33333333333333,25.3333333333333,57.3333333333333,78.3333333333333,3,1,83,172,32,77,11,24.3333333333333,14.6666666666667,8.33333333333333,9.66666666666667,14.6666666666667,9,30
Wright St.,,88,193,16,64,28,41,9,25,11.3333333333333,11,7,11.6666666666667,13,7,37.3333333333333,73.3333333333333,85.6666666666667,3,1,98,186,23,59,8,29.3333333333333,19.3333333333333,9.66666666666667,14,13.6666666666667,15.3333333333333,43.3333333333333
Wyoming,,77,168,17,46,45,73,14,25,12.6666666666667,17.3333333333333,6.33333333333333,17.6666666666667,11,8.66666666666667,34.6666666666667,72,77,3,1,82,179,17,59,12,21.6666666666667,10,11.3333333333333,15,19.3333333333333,9.33333333333333,34
Xavier,,108,228,42,98,83,100,8.5,27.5,21.25,9.75,9.75,13.75,17,18.75,30,85.25,66.5,4,0,93,231,34,86,8.75,22.25,13,13.5,18.75,7.75,7.75,24.5
Yale,,108,231,33,84,58,83,12,26,17,13.75,3.5,18.25,9,6.5,33.5,76.75,76,3,1,98,235,33,104,11,22,13.75,9,15,16.5,10.75,26.5
Youngstown St.,,72,191,16,72,62,86,12.3333333333333,25.3333333333333,9.33333333333333,12,5.66666666666667,19,14.6666666666667,12,30.6666666666667,74,81.6666666666667,3,1,87,190,18,58,10.3333333333333,31,13.6666666666667,12.6666666666667,19.6666666666667,10.3333333333333,8.33333333333333,39.3333333333333